"year","ubigeo","distrito_ejecutora_nombre","total_millones","nls_year","nls_year_norm","total_dist_mat","edu_dist_mat"
2010,"160101","IQUITOS",66,4.814638,1,72036,72036
2010,"160102","ALTO NANAY",2,0,0,1235,1235
2010,"160103","FERNANDO LORES",6,0.0367573,0.00763448882345879,8974,8974
2010,"160104","INDIANA",4,0.0158691,0.00329601103966695,5927,5927
2010,"160105","LAS AMAZONAS",4,0.0091148,0.00189314336820338,4319,4319
2010,"160106","MAZAN",4,0.0091301,0.00189632117721,5256,5256
2010,"160107","NAPO",5,0.0126226,0.00262171320045245,5933,5933
2010,"160108","PUNCHANA",17,0.9721776,0.201921224399425,25280,25280
2010,"160110","TORRES CAUSANA",3,0,0,1801,1801
2010,"160112","BELEN",199,2.661261,0.552743736912308,19377,19377
2010,"160113","SAN JUAN BAUTISTA",49,0.8330762,0.173029872650862,30675,30675
2010,"160201","YURIMAGUAS",23,0.6336346,0.131605865280007,25747,25747
2010,"160202","BALSAPUERTO",5,0,0,5817,5817
2010,"160205","JEBEROS",2,0,0,1520,1520
2010,"160206","LAGUNAS",4,0.063367,0.0131613217857708,5238,5238
2010,"160210","SANTA CRUZ",2,0.0217749,0.00452264531622107,1702,1702
2010,"160211","TENIENTE CESAR LOPEZ ROJAS",2,0.0221095,0.0045921417144965,1823,1823
2010,"160301","NAUTA",13,0.0677364,0.0140688458820788,12275,12275
2010,"160302","PARINARI",3,0.0124705,0.00259012204032785,2920,2920
2010,"160303","TIGRE",4,0.0655122,0.0136068796864894,3272,3272
2010,"160304","TROMPETEROS",3,0.2651993,0.0550818773914051,3144,3144
2010,"160305","URARINAS",4,0.0229798,0.00477290296799053,4609,4609
2010,"160401","RAMON CASTILLA",18,0.0504057,0.0104692606173091,7299,7299
2010,"160402","PEBAS",5,0,0,5068,5068
2010,"160403","YAVARI",4,0.057424,0.011926961071632,4338,4338
2010,"160404","SAN PABLO",4,0.0161409,0.00335246388201979,4328,4328
2010,"160501","REQUENA",10,0.2007018,0.0416857508290343,12332,12332
2010,"160502","ALTO TAPICHE",1,0,0,658,658
2010,"160503","CAPELO",2,0.0883363,0.0183474437745891,1470,1470
2010,"160504","EMILIO SAN MARTIN",3,0,0,2978,2978
2010,"160505","MAQUIA",3,0.0128693,0.00267295277443496,3618,3618
2010,"160506","PUINAHUA",2,0.0101103,0.00209990865356855,1891,1891
2010,"160507","SAQUENA",2,0,0,1612,1612
2010,"160508","SOPLIN",1,0,0,250,250
2010,"160509","TAPICHE",1,0,0,741,741
2010,"160510","JENARO HERRERA",3,0.1250633,0.0259756392900152,1866,1866
2010,"160511","YAQUERANA",2,0,0,1672,1672
2010,"160601","CONTAMANA",13,0.0657462,0.0136554814712965,11772,11772
2010,"160602","INAHUAYA",1,0.1743818,0.0362190885379129,866,866
2010,"160603","PADRE MARQUEZ",3,0.0237546,0.00493382887768509,2229,2229
2010,"160604","PAMPA HERMOSA",3,0.0112818,0.00234322912750657,2642,2642
2010,"160605","SARAYACU",5,0,0,7076,7076
2010,"160606","VARGAS GUERRA",3,0.1325029,0.0275208437269843,3583,3583
2010,"160701","BARRANCA",21,0.0152235,0.00316191996158382,5810,5810
2010,"160702","CAHUAPANAS",3,0,0,4500,4500
2010,"160703","MANSERICHE",3,0.1130557,0.0234816615496326,3807,3807
2010,"160704","MORONA",3,0.0115724,0.00240358672863879,2622,2622
2010,"160705","PASTAZA",3,0,0,6983,6983
2010,"160706","ANDOAS",4,0.0860401,0.0178705231836744,713,713
2010,"160801",NA,3,0.0019892,0.000413156710847212,NA,798
2010,"160802",NA,3,0,0,NA,798
2010,"160803","TENIENTE MANUEL CLAVERO",2,0.0104603,0.0021726036308441,786,786
2010,"160804",NA,3,0,0,NA,798
2011,"160101","IQUITOS",86,3.2008534,0.664817043358192,69206,69206
2011,"160102","ALTO NANAY",3,0,0,1230,1230
2011,"160103","FERNANDO LORES",7,0.0170587,0.00354309088242979,7811,7811
2011,"160104","INDIANA",10,0,0,5173,5173
2011,"160105","LAS AMAZONAS",7,0,0,3722,3722
2011,"160106","MAZAN",6,0,0,4833,4833
2011,"160107","NAPO",8,0.0102021,0.00211897550760826,5979,5979
2011,"160108","PUNCHANA",20,0.5743832,0.119299353347022,23059,23059
2011,"160110","TORRES CAUSANA",3,0,0,1908,1908
2011,"160112","BELEN",213,3.0725127,0.638160688300969,18261,18261
2011,"160113","SAN JUAN BAUTISTA",63,0.6533546,0.135701707999646,30757,30757
2011,"160201","YURIMAGUAS",34,0.5498497,0.114203746989909,25876,25876
2011,"160202","BALSAPUERTO",6,0,0,5941,5941
2011,"160205","JEBEROS",3,0,0,1633,1633
2011,"160206","LAGUNAS",18,0.039956,0.0082988586057768,4980,4980
2011,"160210","SANTA CRUZ",3,0,0,1644,1644
2011,"160211","TENIENTE CESAR LOPEZ ROJAS",5,0.0107279,0.00222818413346964,1834,1834
2011,"160301","NAUTA",22,0.0569748,0.0118336622607972,12176,12176
2011,"160302","PARINARI",5,0.0108582,0.00225524743500965,2675,2675
2011,"160303","TIGRE",4,0.043634,0.00906277896697529,3141,3141
2011,"160304","TROMPETEROS",4,0.2167028,0.0450091574901374,3090,3090
2011,"160305","URARINAS",6,0.0144911,0.00300980052913635,4468,4468
2011,"160401","RAMON CASTILLA",13,0.0403071,0.00837178205298093,7204,7204
2011,"160402","PEBAS",7,0,0,4997,4997
2011,"160403","YAVARI",6,0.0253955,0.00527464370114638,4937,4937
2011,"160404","SAN PABLO",5,0.0048085,0.000998725137798522,4322,4322
2011,"160501","REQUENA",22,0.1364583,0.028342380050172,12209,12209
2011,"160502","ALTO TAPICHE",2,0,0,553,553
2011,"160503","CAPELO",2,0.0549007,0.0114028718254623,1307,1307
2011,"160504","EMILIO SAN MARTIN",4,0,0,2809,2809
2011,"160505","MAQUIA",3,0,0,3257,3257
2011,"160506","PUINAHUA",5,0.0070843,0.00147140865003766,1905,1905
2011,"160507","SAQUENA",2,0,0,1610,1610
2011,"160508","SOPLIN",1,0,0,226,226
2011,"160509","TAPICHE",1,0,0,400,400
2011,"160510","JENARO HERRERA",6,0.0162734,0.00337998412341696,1861,1861
2011,"160511","YAQUERANA",7,0.0010178,0.0002113969939173,1464,1464
2011,"160601","CONTAMANA",18,0.0329793,0.006849798468753,11044,11044
2011,"160602","INAHUAYA",2,0.0948222,0.019694564783479,695,695
2011,"160603","PADRE MARQUEZ",3,0,0,2027,2027
2011,"160604","PAMPA HERMOSA",4,0.0081323,0.00168907818199416,2454,2454
2011,"160605","SARAYACU",6,0,0,6444,6444
2011,"160606","VARGAS GUERRA",4,0.1005311,0.0208803029428173,3394,3394
2011,"160701","BARRANCA",29,0.010141,0.0021062850415753,6091,6091
2011,"160702","CAHUAPANAS",3,0,0,3687,3687
2011,"160703","MANSERICHE",7,0.0797716,0.0165685561406693,3810,3810
2011,"160704","MORONA",12,0.0134283,0.00278905703814077,2567,2567
2011,"160705","PASTAZA",6,0,0,6859,6859
2011,"160706","ANDOAS",4,0.0871413,0.0180992423521768,871,871
2011,"160801",NA,1,0.006773,0.00140675166024943,NA,792
2011,"160802",NA,1,0,0,NA,792
2011,"160803","TENIENTE MANUEL CLAVERO",3,0.0050005,0.00103860352533254,844,844
2011,"160804",NA,1,0,0,NA,792
2012,"160101","IQUITOS",130,4.7185546,0.980043484058407,56987,56987
2012,"160102","ALTO NANAY",5,0,0,1143,1143
2012,"160103","FERNANDO LORES",12,0.0341131,0.00708528865513877,6581,6581
2012,"160104","INDIANA",10,0.0197634,0.00410485689682173,4373,4373
2012,"160105","LAS AMAZONAS",13,0,0,2847,2847
2012,"160106","MAZAN",6,0.0034607,0.000718787165307132,3819,3819
2012,"160107","NAPO",18,0.0078141,0.00162298806265393,4988,4988
2012,"160108","PUNCHANA",40,1.0409465,0.216204520464467,17712,17712
2012,"160110","TORRES CAUSANA",5,0,0,1591,1591
2012,"160112","BELEN",263,1.8731427,0.389051617172464,17071,17071
2012,"160113","SAN JUAN BAUTISTA",42,0.7717689,0.160296350421361,22702,22702
2012,"160201","YURIMAGUAS",63,0.7074919,0.146946021694674,25481,25481
2012,"160202","BALSAPUERTO",7,0,0,6739,6739
2012,"160205","JEBEROS",4,0.0159592,0.00331472480381703,1638,1638
2012,"160206","LAGUNAS",22,0.0506126,0.0105122337338757,4821,4821
2012,"160210","SANTA CRUZ",5,0,0,1572,1572
2012,"160211","TENIENTE CESAR LOPEZ ROJAS",15,0,0,1811,1811
2012,"160301","NAUTA",18,0.0619679,0.0128707288066102,10918,10918
2012,"160302","PARINARI",7,0.0127077,0.00263938846492717,2299,2299
2012,"160303","TIGRE",5,0.0781078,0.0162229849886949,2770,2770
2012,"160304","TROMPETEROS",5,0.2445672,0.0507965915609855,1695,1695
2012,"160305","URARINAS",11,0.0181202,0.00376356436350978,3763,3763
2012,"160401","RAMON CASTILLA",16,0.0409615,0.0085077008904927,7012,7012
2012,"160402","PEBAS",8,0,0,4941,4941
2012,"160403","YAVARI",7,0.0499479,0.0103741755870327,4788,4788
2012,"160404","SAN PABLO",6,0.01393,0.00289326009556689,4264,4264
2012,"160501","REQUENA",31,0.1587333,0.0329688961039231,10325,10325
2012,"160502","ALTO TAPICHE",2,0,0,440,440
2012,"160503","CAPELO",2,0,0,1217,1217
2012,"160504","EMILIO SAN MARTIN",5,0,0,1741,1741
2012,"160505","MAQUIA",5,0,0,2792,2792
2012,"160506","PUINAHUA",3,0.0041667,0.00086542331946867,1652,1652
2012,"160507","SAQUENA",2,0,0,1183,1183
2012,"160508","SOPLIN",1,0,0,178,178
2012,"160509","TAPICHE",1,0,0,221,221
2012,"160510","JENARO HERRERA",7,0.1205293,0.0250339277843942,1551,1551
2012,"160511","YAQUERANA",3,0,0,1036,1036
2012,"160601","CONTAMANA",21,0.0503856,0.0104650858486142,9838,9838
2012,"160602","INAHUAYA",2,0.1419681,0.0294867651524372,652,652
2012,"160603","PADRE MARQUEZ",5,0,0,1843,1843
2012,"160604","PAMPA HERMOSA",4,0.0063296,0.00131465750903806,2225,2225
2012,"160605","SARAYACU",9,0,0,6130,6130
2012,"160606","VARGAS GUERRA",4,0.1159512,0.0240830567116365,2494,2494
2012,"160701","BARRANCA",10,0.0285518,0.00593020700621729,5195,5195
2012,"160702","CAHUAPANAS",5,0,0,3531,3531
2012,"160703","MANSERICHE",9,0.1040455,0.0216102435946379,3795,3795
2012,"160704","MORONA",9,0.0169862,0.003528032637137,2429,2429
2012,"160705","PASTAZA",10,0.0019622,0.000407548812600241,6285,6285
2012,"160706","ANDOAS",6,0.0786254,0.0163304904750887,614,614
2012,"160801",NA,4,0.0011877,0.000246685212886202,NA,709
2012,"160802",NA,4,0,0,NA,709
2012,"160803","TENIENTE MANUEL CLAVERO",3,0.004852,0.0010077600849742,553,553
2012,"160804",NA,4,0,0,NA,709
2013,"160101","IQUITOS",187,4.3758444,0.908862597769552,68459,68459
2013,"160102","ALTO NANAY",5,0,0,1187,1187
2013,"160103","FERNANDO LORES",10,0.0471154,0.00978586552093844,7275,7275
2013,"160104","INDIANA",7,0.0146765,0.00304830809709889,4917,4917
2013,"160105","LAS AMAZONAS",15,0,0,3756,3756
2013,"160106","MAZAN",14,0.0007067,0.000146781544116089,5070,5070
2013,"160107","NAPO",10,0.0067612,0.00140430080101557,7026,7026
2013,"160108","PUNCHANA",37,0.9056653,0.188106624007869,22270,22270
2013,"160110","TORRES CAUSANA",5,0,0,2077,2077
2013,"160112","BELEN",239,1.8505599,0.384361171078698,18663,18663
2013,"160113","SAN JUAN BAUTISTA",55,0.7055582,0.146544392330223,30718,30718
2013,"160201","YURIMAGUAS",65,0.6111046,0.126926385742812,27604,27604
2013,"160202","BALSAPUERTO",7,0,0,7116,7116
2013,"160205","JEBEROS",3,0.0087734,0.00182223461036946,1725,1725
2013,"160206","LAGUNAS",8,0.0483153,0.0100350846730325,4934,4934
2013,"160210","SANTA CRUZ",9,0,0,1602,1602
2013,"160211","TENIENTE CESAR LOPEZ ROJAS",8,0,0,1881,1881
2013,"160301","NAUTA",19,0.0519205,0.0107838844789577,12427,12427
2013,"160302","PARINARI",6,0.0144432,0.00299985170224636,2740,2740
2013,"160303","TIGRE",14,0.0481925,0.0100095791210056,3537,3537
2013,"160304","TROMPETEROS",6,0.1870562,0.0388515605950022,3520,3520
2013,"160305","URARINAS",10,0.0239414,0.00497262722555673,7310,7310
2013,"160401","RAMON CASTILLA",19,0.04018,0.00834538339123315,8116,8116
2013,"160402","PEBAS",13,0.0075837,0.00157513399761311,5374,5374
2013,"160403","YAVARI",14,0.0430528,0.00894206376471087,5198,5198
2013,"160404","SAN PABLO",11,0.0099181,0.00205998872604752,4375,4375
2013,"160501","REQUENA",26,0.1631529,0.0338868467369717,12136,12136
2013,"160502","ALTO TAPICHE",4,0.0053593,0.00111312626203673,548,548
2013,"160503","CAPELO",2,0,0,1411,1411
2013,"160504","EMILIO SAN MARTIN",9,0.0129884,0.00269768983670216,2848,2848
2013,"160505","MAQUIA",13,0,0,3441,3441
2013,"160506","PUINAHUA",6,0.020472,0.00425203307081446,2167,2167
2013,"160507","SAQUENA",3,0,0,1500,1500
2013,"160508","SOPLIN",1,0,0,231,231
2013,"160509","TAPICHE",2,0.0128676,0.00267259968454534,405,405
2013,"160510","JENARO HERRERA",4,0.0566493,0.0117660559319309,1979,1979
2013,"160511","YAQUERANA",3,0,0,1476,1476
2013,"160601","CONTAMANA",27,0.0519638,0.0107928778861464,11005,11005
2013,"160602","INAHUAYA",4,0.1663578,0.0345525042588872,688,688
2013,"160603","PADRE MARQUEZ",5,0,0,1855,1855
2013,"160604","PAMPA HERMOSA",6,0.0152187,0.00316092300189547,2457,2457
2013,"160605","SARAYACU",11,0,0,6355,6355
2013,"160606","VARGAS GUERRA",5,0.0916893,0.0190438616568888,3403,3403
2013,"160701","BARRANCA",22,0.0234813,0.00487706448542964,6448,6448
2013,"160702","CAHUAPANAS",5,0,0,3996,3996
2013,"160703","MANSERICHE",7,0.0781065,0.0162227149787793,4231,4231
2013,"160704","MORONA",8,0.0120618,0.00250523507686351,3432,3432
2013,"160705","PASTAZA",8,0.0023055,0.000478852200310802,8430,8430
2013,"160706","ANDOAS",5,0.0725134,0.0150610284719225,1199,1199
2013,"160801",NA,9,0.0011038,0.000229259188333578,NA,760
2013,"160802",NA,9,0,0,NA,760
2013,"160803","TENIENTE MANUEL CLAVERO",3,0.0051042,0.00106014200859961,893,893
2013,"160804",NA,9,0,0,NA,760
2014,"160101","IQUITOS",136,1.30859415,0.760811187188287,81096,81096
2014,"160102","ALTO NANAY",4,0.0103167,0.0223968067578195,1343,1343
2014,"160103","FERNANDO LORES",10,0.0307675666666667,0.0340285377402322,8312,8312
2014,"160104","INDIANA",8,0.0281581916666667,0.0325444173590796,5659,5659
2014,"160105","LAS AMAZONAS",10,-0.000635774999999988,0.0161674256333879,4404,4404
2014,"160106","MAZAN",10,0.0065345,0.0202456249209447,6616,6616
2014,"160107","NAPO",11,0.0169038416666667,0.0261433403917506,7969,7969
2014,"160108","PUNCHANA",27,0.171189625,0.113895647195903,26749,26749
2014,"160110","TORRES CAUSANA",6,0.00842365833333333,0.0213201114879288,2842,2842
2014,"160112","BELEN",251,0.357254033333333,0.219722514018261,21999,21999
2014,"160113","SAN JUAN BAUTISTA",72,0.1593245,0.107147182970783,40161,40161
2014,"160201","YURIMAGUAS",53,0.068900075,0.0557169622870946,34645,34645
2014,"160202","BALSAPUERTO",7,0.0159060166666667,0.0255758127579979,9205,9205
2014,"160205","JEBEROS",4,-0.00149584166666667,0.0156782500763484,2095,2095
2014,"160206","LAGUNAS",11,0.00271444166666667,0.0180729106005838,6114,6114
2014,"160210","SANTA CRUZ",14,5.3450000000007e-05,0.0165594324816561,1802,1802
2014,"160211","TENIENTE CESAR LOPEZ ROJAS",5,0.00607543333333334,0.0199845240073896,2278,2278
2014,"160301","NAUTA",20,0.023969325,0.0301619378787709,15699,15699
2014,"160302","PARINARI",6,0.006736425,0.0203604727323801,3268,3268
2014,"160303","TIGRE",11,0.028528175,0.0327548508175464,4034,4034
2014,"160304","TROMPETEROS",6,0.04475005,0.0419812806361845,4408,4408
2014,"160305","URARINAS",10,0.0179831,0.0267571844306598,6171,6171
2014,"160401","RAMON CASTILLA",23,-0.023384325,0.00322885348616192,9988,9988
2014,"160402","PEBAS",11,-0.000379808333333338,0.0163130104369886,6260,6260
2014,"160403","YAVARI",18,0.0110972916666667,0.0228407797405674,5290,5290
2014,"160404","SAN PABLO",10,0.0102384666666667,0.0223523103996933,6667,6667
2014,"160501","REQUENA",22,0.0096404,0.0220121511932596,14159,14159
2014,"160502","ALTO TAPICHE",4,-0.0141443416666667,0.00848422980674053,653,653
2014,"160503","CAPELO",2,-0.00297134166666667,0.0148390377659711,1452,1452
2014,"160504","EMILIO SAN MARTIN",9,-0.012487925,0.00942634113021101,2965,2965
2014,"160505","MAQUIA",6,-0.0104434833333333,0.0105891473752227,4183,4183
2014,"160506","PUINAHUA",5,0.00378431666666666,0.0186814177307531,2503,2503
2014,"160507","SAQUENA",7,0.0102756,0.022373430528774,1778,1778
2014,"160508","SOPLIN",1,-0.006428325,0.0128728276879622,233,233
2014,"160509","TAPICHE",1,-0.00528271666666668,0.0135244092645152,484,484
2014,"160510","JENARO HERRERA",3,0.00435598333333333,0.0190065615491869,2210,2210
2014,"160511","YAQUERANA",3,0.00173355,0.0175150140490331,1586,1586
2014,"160601","CONTAMANA",26,-0.016792575,0.00697800817740495,13542,13542
2014,"160602","INAHUAYA",3,-0.00779816666666666,0.0120937101075255,823,823
2014,"160603","PADRE MARQUEZ",5,-0.0284366666666667,0.000355259909138221,2358,2358
2014,"160604","PAMPA HERMOSA",5,-0.0151368333333333,0.00791973558470497,3185,3185
2014,"160605","SARAYACU",9,-0.00557293333333334,0.0133593442700433,7692,7692
2014,"160606","VARGAS GUERRA",12,-0.0127561333333333,0.00927379369877821,4044,4044
2014,"160701","BARRANCA",20,0.0127467,0.0237789049714533,7845,7845
2014,"160702","CAHUAPANAS",5,0.0109018416666667,0.0227296146805449,4331,4331
2014,"160703","MANSERICHE",5,0.0149104833333333,0.0250095885433424,5796,5796
2014,"160704","MORONA",6,0.0193031583333333,0.0275079870085991,4450,4450
2014,"160705","PASTAZA",5,-0.00064580833333334,0.0161617190275949,5067,5067
2014,"160706","ANDOAS",7,0.0214462166666667,0.0287268829321435,5896,5896
2014,"160801","PUTUMAYO",7,-0.00766871666666667,0.0121673366975481,1907,1907
2014,"160802","ROSA PANDURO",7,0.000741500000000001,0.0169507710314053,202,202
2014,"160803","TENIENTE MANUEL CLAVERO",3,0.005554325,0.0196881359840934,935,935
2014,"160804","YAGUAS",7,-0.0212801333333333,0.00442564342181752,586,586
2015,"160101","IQUITOS",111,0.988167666666667,0.578563915494477,68064,68064
2015,"160102","ALTO NANAY",3,0.000739825000000002,0.0169498183505379,1085,1085
2015,"160103","FERNANDO LORES",7,0.00790173333333333,0.0210232589734634,6821,6821
2015,"160104","INDIANA",18,-0.00727486666666667,0.0123913446734492,4363,4363
2015,"160105","LAS AMAZONAS",7,-0.00240283333333334,0.0151623852359036,3477,3477
2015,"160106","MAZAN",13,-0.001915225,0.0154397196418513,5327,5327
2015,"160107","NAPO",18,0.00827436666666666,0.0212351996583772,6494,6494
2015,"160108","PUNCHANA",18,0.125875491666667,0.0881225678821732,21782,21782
2015,"160110","TORRES CAUSANA",3,0.01579595,0.0255132107236849,2543,2543
2015,"160112","BELEN",140,0.311060433333333,0.19344922511237,18093,18093
2015,"160113","SAN JUAN BAUTISTA",78,0.117957533333333,0.0836191127101046,31986,31986
2015,"160201","YURIMAGUAS",63,0.095433325,0.0708081381829378,29544,29544
2015,"160202","BALSAPUERTO",6,0.0169998666666667,0.026197956021777,7930,7930
2015,"160205","JEBEROS",3,0.0102975916666667,0.0223859386124016,1812,1812
2015,"160206","LAGUNAS",6,0.00386293333333334,0.0187261321153465,5037,5037
2015,"160210","SANTA CRUZ",10,0.00704603333333333,0.0205365670222674,1506,1506
2015,"160211","TENIENTE CESAR LOPEZ ROJAS",3,0.0223082916666667,0.0292172007582828,1982,1982
2015,"160301","NAUTA",16,0.013220575,0.0240484283422293,12892,12892
2015,"160302","PARINARI",12,-0.002085375,0.0153429443286621,2629,2629
2015,"160303","TIGRE",6,0.0223248333333333,0.0292266090743118,3473,3473
2015,"160304","TROMPETEROS",4,0.0497226083333333,0.0448094962698018,3794,3794
2015,"160305","URARINAS",6,0.00286030833333333,0.0181558744110483,5133,5133
2015,"160401","RAMON CASTILLA",18,0.0106435666666667,0.0225827169784353,8287,8287
2015,"160402","PEBAS",7,0.00848585,0.0213554839123744,5255,5255
2015,"160403","YAVARI",19,0.010687225,0.0226075482971638,4460,4460
2015,"160404","SAN PABLO",7,0.00418878333333333,0.0189114640918537,5581,5581
2015,"160501","REQUENA",21,-0.000654658333333333,0.0161566854600268,12144,12144
2015,"160502","ALTO TAPICHE",1,0.00618858333333333,0.0200488797328516,578,578
2015,"160503","CAPELO",2,-0.00777435833333333,0.0121072514470191,1090,1090
2015,"160504","EMILIO SAN MARTIN",7,0.0111507416666667,0.0228711802136203,2392,2392
2015,"160505","MAQUIA",3,0.0104658583333333,0.0224816427520781,3080,3080
2015,"160506","PUINAHUA",3,0.0033354,0.0184260897788723,2071,2071
2015,"160507","SAQUENA",7,-0.000242108333333331,0.0163913293357612,1424,1424
2015,"160508","SOPLIN",1,0.00439404166666667,0.0190282077856123,184,184
2015,"160509","TAPICHE",1,-0.00245319166666667,0.0151337431937054,353,353
2015,"160510","JENARO HERRERA",2,0.000323599999999994,0.0167130842645421,1730,1730
2015,"160511","YAQUERANA",2,-0.00287265,0.0148951701018561,1363,1363
2015,"160601","CONTAMANA",21,0.0160645166666667,0.0256659619624674,11754,11754
2015,"160602","INAHUAYA",4,0.0105221666666667,0.0225136689442233,698,698
2015,"160603","PADRE MARQUEZ",14,0.0063582,0.0201453517048691,1884,1884
2015,"160604","PAMPA HERMOSA",4,0.0161753416666667,0.025728995310009,2521,2521
2015,"160605","SARAYACU",6,0.0100075833333333,0.0222209921105748,6263,6263
2015,"160606","VARGAS GUERRA",9,0.0114837833333333,0.0230606025562399,3254,3254
2015,"160701","BARRANCA",14,0.0238425416666667,0.0300898279946069,6975,6975
2015,"160702","CAHUAPANAS",4,0.0194917416666667,0.0276152465510358,3627,3627
2015,"160703","MANSERICHE",4,0.036940175,0.0375392994484466,4359,4359
2015,"160704","MORONA",6,0.0208210916666667,0.028371333900951,3764,3764
2015,"160705","PASTAZA",3,0.0107599333333333,0.0226489022303392,4559,4559
2015,"160706","ANDOAS",9,0.0244121166666667,0.0304137821468828,4994,4994
2015,"160801","PUTUMAYO",0,0.00984399166666666,0.0221279469458566,1788,1788
2015,"160802","ROSA PANDURO",0,0.00666955833333333,0.0203224413329761,148,148
2015,"160803","TENIENTE MANUEL CLAVERO",2,0.02254815,0.0293536237105565,816,816
2015,"160804","YAGUAS",0,0.0104310333333333,0.0224618355215062,512,512
2016,"160101","IQUITOS",149,1.34286683333333,0.780304279538673,307226,307226
2016,"160102","ALTO NANAY",3,-0.00739996666666666,0.0123201922098584,4598,4598
2016,"160103","FERNANDO LORES",10,-0.01290595,0.00918858326776069,28705,28705
2016,"160104","INDIANA",13,-0.01667585,0.00704439723665861,20755,20755
2016,"160105","LAS AMAZONAS",9,-0.0171183916666667,0.00679269515972095,14688,14688
2016,"160106","MAZAN",9,-0.0133704166666667,0.00892441102484199,22305,22305
2016,"160107","NAPO",12,0.002472725,0.0179354306939149,27968,27968
2016,"160108","PUNCHANA",35,0.132704558333333,0.0920066999154185,91863,91863
2016,"160110","TORRES CAUSANA",14,0.000726225000000004,0.0169420831506591,10528,10528
2016,"160112","BELEN",108,0.395830083333333,0.241663209406758,77349,77349
2016,"160113","SAN JUAN BAUTISTA",35,0.135008833333333,0.0933172901875259,145697,145697
2016,"160201","YURIMAGUAS",67,0.0883544166666667,0.0667819050298606,135155,135155
2016,"160202","BALSAPUERTO",17,0.00381215,0.0186972483481521,33785,33785
2016,"160205","JEBEROS",13,-0.00169909166666667,0.0155626486516895,7710,7710
2016,"160206","LAGUNAS",5,-0.00276155833333333,0.0149583551199835,22185,22185
2016,"160210","SANTA CRUZ",16,-0.00782500833333333,0.0120784435151177,6595,6595
2016,"160211","TENIENTE CESAR LOPEZ ROJAS",3,-0.00190409166666667,0.0154460518888109,8348,8348
2016,"160301","NAUTA",23,-0.00391591666666667,0.014301796852332,58450,58450
2016,"160302","PARINARI",8,0.001061475,0.0171327615153179,11258,11258
2016,"160303","TIGRE",12,0.00595701666666667,0.0199171727878569,14632,14632
2016,"160304","TROMPETEROS",10,0.018307075,0.0269414499733602,18899,18899
2016,"160305","URARINAS",6,0.00378655,0.0186826879719097,25107,25107
2016,"160401","RAMON CASTILLA",30,-0.00513254166666667,0.0136098235028825,35696,35696
2016,"160402","PEBAS",7,-0.00993026666666667,0.0108810468971186,22668,22668
2016,"160403","YAVARI",12,-0.0142275916666667,0.00843688014571789,20072,20072
2016,"160404","SAN PABLO",7,-0.00337298333333333,0.0146105981651395,23259,23259
2016,"160501","REQUENA",13,0.005114375,0.0194379079556621,52702,52702
2016,"160502","ALTO TAPICHE",3,-0.0138273583333333,0.00866451873626797,2440,2440
2016,"160503","CAPELO",2,0.003282675,0.0183961016602246,4841,4841
2016,"160504","EMILIO SAN MARTIN",8,-0.0119270916666667,0.00974532333109425,10201,10201
2016,"160505","MAQUIA",3,-0.0149091083333333,0.00804925752532215,14858,14858
2016,"160506","PUINAHUA",5,-0.00433401666666667,0.0140639963325294,8412,8412
2016,"160507","SAQUENA",8,-0.0290612833333333,0,5634,5634
2016,"160508","SOPLIN",1,-0.0176864666666667,0.00646959415449049,864,864
2016,"160509","TAPICHE",1,-0.00750474166666667,0.0122605998887335,1432,1432
2016,"160510","JENARO HERRERA",2,-0.0157686833333333,0.00756036161092533,7420,7420
2016,"160511","YAQUERANA",6,-0.0241278,0.00280599115308316,5859,5859
2016,"160601","CONTAMANA",22,-0.0146354083333333,0.00820492842288247,51819,51819
2016,"160602","INAHUAYA",2,-0.0204354583333333,0.00490606474222951,2918,2918
2016,"160603","PADRE MARQUEZ",6,-0.0165829166666667,0.00709725443583023,7770,7770
2016,"160604","PAMPA HERMOSA",4,-0.0147996916666667,0.00811148986258214,10923,10923
2016,"160605","SARAYACU",7,-0.015866325,0.00750482647797215,26459,26459
2016,"160606","VARGAS GUERRA",16,-0.016340625,0.00723506138219992,15721,15721
2016,"160701","BARRANCA",11,0.006944425,0.0204787757893495,33135,33135
2016,"160702","CAHUAPANAS",9,0.00602538333333333,0.0199560573343063,17156,17156
2016,"160703","MANSERICHE",4,0.008703175,0.0214790907001431,21170,21170
2016,"160704","MORONA",8,0.00990033333333333,0.0221599920968249,17834,17834
2016,"160705","PASTAZA",12,0.00501125,0.0193792540962872,21641,21641
2016,"160706","ANDOAS",5,0.010182275,0.0223203505634294,22399,22399
2016,"160801","PUTUMAYO",0,-0.0160523083333333,0.0073990457237476,8117,8117
2016,"160802","ROSA PANDURO",0,-0.00341285,0.0145879234125537,582,582
2016,"160803","TENIENTE MANUEL CLAVERO",3,-0.00543545833333333,0.0134375351967591,3040,3040
2016,"160804","YAGUAS",0,-0.00640493333333333,0.0128861320421654,2106,2106
2017,"160101","IQUITOS",149,1.469285975,0.85220702433975,72711,72711
2017,"160102","ALTO NANAY",7,0.160289125,0.107695827616596,1085,1085
2017,"160103","FERNANDO LORES",8,0.130840175,0.0909463044938018,6743,6743
2017,"160104","INDIANA",16,0.14333135,0.0980508438574591,5080,5080
2017,"160105","LAS AMAZONAS",10,0.142126258333333,0.097365430260848,3373,3373
2017,"160106","MAZAN",6,0.168165758333333,0.112175778587563,5205,5205
2017,"160107","NAPO",13,0.171819058333333,0.114253646654998,6593,6593
2017,"160108","PUNCHANA",30,0.29958005,0.186919588364703,21700,21700
2017,"160110","TORRES CAUSANA",6,0.175117875,0.11612989711677,2766,2766
2017,"160112","BELEN",127,0.494932175,0.298028980542508,18026,18026
2017,"160113","SAN JUAN BAUTISTA",42,0.275072291666667,0.172980440622864,39473,39473
2017,"160201","YURIMAGUAS",41,0.267768808333333,0.168826477137965,32123,32123
2017,"160202","BALSAPUERTO",7,0.167445616666667,0.111766187430747,8421,8421
2017,"160205","JEBEROS",3,0.168279491666667,0.112240466092431,1829,1829
2017,"160206","LAGUNAS",5,0.172143941666667,0.114438428825632,5069,5069
2017,"160210","SANTA CRUZ",4,0.167461541666667,0.111775245008546,1706,1706
2017,"160211","TENIENTE CESAR LOPEZ ROJAS",3,0.171281416666667,0.113947855055379,2083,2083
2017,"160301","NAUTA",20,0.154130741666667,0.104193156586196,13832,13832
2017,"160302","PARINARI",7,0.160568666666667,0.107854821047928,2463,2463
2017,"160303","TIGRE",19,0.172160058333333,0.114447595416665,3243,3243
2017,"160304","TROMPETEROS",24,0.173655625,0.115298220938628,3968,3968
2017,"160305","URARINAS",22,0.167249125,0.111654429907498,5674,5674
2017,"160401","RAMON CASTILLA",19,0.141711066666667,0.0971292838983724,8874,8874
2017,"160402","PEBAS",12,0.146096616666667,0.0996236299151632,5586,5586
2017,"160403","YAVARI",13,0.136913858333333,0.0944008011543686,4939,4939
2017,"160404","SAN PABLO",6,0.147438325,0.100386746248792,5687,5687
2017,"160501","REQUENA",16,0.140375225,0.0963695043176326,12686,12686
2017,"160502","ALTO TAPICHE",4,0.136779225,0.0943242264673334,582,582
2017,"160503","CAPELO",2,0.140009608333333,0.0961615544650093,1145,1145
2017,"160504","EMILIO SAN MARTIN",3,0.136046758333333,0.0939076252856271,2534,2534
2017,"160505","MAQUIA",3,0.151168208333333,0.102508172212604,3488,3488
2017,"160506","PUINAHUA",13,0.154346825,0.1043160571578,2030,2030
2017,"160507","SAQUENA",2,0.1307776,0.090910714042889,1341,1341
2017,"160508","SOPLIN",1,0.144503916666667,0.0987177583823013,205,205
2017,"160509","TAPICHE",1,0.129636525,0.0902617108662955,366,366
2017,"160510","JENARO HERRERA",2,0.15918035,0.107065195539715,1609,1609
2017,"160511","YAQUERANA",8,0.130189558333333,0.0905762567025424,1273,1273
2017,"160601","CONTAMANA",21,0.163664325,0.109615522221805,12649,12649
2017,"160602","INAHUAYA",2,0.161128666666667,0.108173329278231,644,644
2017,"160603","PADRE MARQUEZ",7,0.162658483333333,0.109043434991065,1876,1876
2017,"160604","PAMPA HERMOSA",4,0.155146016666667,0.104770609163911,2673,2673
2017,"160605","SARAYACU",6,0.148242308333333,0.100844023585743,6197,6197
2017,"160606","VARGAS GUERRA",10,0.157658175,0.106199436137107,3568,3568
2017,"160701","BARRANCA",30,0.184719675,0.121591061984124,7125,7125
2017,"160702","CAHUAPANAS",16,0.178815208333333,0.118232809789696,4030,4030
2017,"160703","MANSERICHE",4,0.19742665,0.128818340769387,4711,4711
2017,"160704","MORONA",8,0.184072791666667,0.121223137581066,4169,4169
2017,"160705","PASTAZA",9,0.171429825,0.114032264476115,3953,3953
2017,"160706","ANDOAS",12,0.182720958333333,0.120454262504881,5803,5803
2017,"160801","PUTUMAYO",0,0.15505665,0.104719780558825,1739,1739
2017,"160802","ROSA PANDURO",0,0.169790675,0.113099973823079,144,144
2017,"160803","TENIENTE MANUEL CLAVERO",2,0.17999115,0.11890164389539,772,772
2017,"160804","YAGUAS",0,0.166168383333333,0.111039742200955,530,530
2018,"160101","IQUITOS",169,1.45397013333333,0.843495914295388,69307,69307
2018,"160102","ALTO NANAY",4,0.186763175,0.122753332642379,1049,1049
2018,"160103","FERNANDO LORES",13,0.175275175,0.116219363803603,6764,6764
2018,"160104","INDIANA",7,0.192864766666667,0.126223702577697,5041,5041
2018,"160105","LAS AMAZONAS",5,0.19881725,0.129609264956991,3266,3266
2018,"160106","MAZAN",9,0.205351166666667,0.133325526089926,5395,5395
2018,"160107","NAPO",9,0.202978116666667,0.131975819025785,6485,6485
2018,"160108","PUNCHANA",27,0.349337758333333,0.215220016266765,21864,21864
2018,"160110","TORRES CAUSANA",4,0.19628165,0.128167105191358,2784,2784
2018,"160112","BELEN",200,0.581531233333333,0.347283467713235,18667,18667
2018,"160113","SAN JUAN BAUTISTA",49,0.320438633333333,0.198783214193481,36127,36127
2018,"160201","YURIMAGUAS",58,0.282437866666667,0.177169719655739,32738,32738
2018,"160202","BALSAPUERTO",7,0.204261741666667,0.132705899609931,8809,8809
2018,"160205","JEBEROS",3,0.197257016666667,0.128721859317958,1833,1833
2018,"160206","LAGUNAS",5,0.18918845,0.12413274344282,5424,5424
2018,"160210","SANTA CRUZ",3,0.182447275,0.120298601086732,1633,1633
2018,"160211","TENIENTE CESAR LOPEZ ROJAS",3,0.215830166666667,0.139285611349461,2172,2172
2018,"160301","NAUTA",19,0.1709966,0.113785861390271,13907,13907
2018,"160302","PARINARI",9,0.179059616666667,0.11837182062134,2719,2719
2018,"160303","TIGRE",19,0.19419495,0.126980263898193,3660,3660
2018,"160304","TROMPETEROS",22,0.219812308333333,0.141550512947789,4823,4823
2018,"160305","URARINAS",31,0.196425358333333,0.128248841418018,6009,6009
2018,"160401","RAMON CASTILLA",19,0.193858158333333,0.12678870868796,8978,8978
2018,"160402","PEBAS",15,0.192266916666667,0.125883666603614,5584,5584
2018,"160403","YAVARI",9,0.189601466666667,0.124367652742079,4938,4938
2018,"160404","SAN PABLO",7,0.178124341666667,0.117839869219383,5954,5954
2018,"160501","REQUENA",22,0.170900725,0.113731331074949,12815,12815
2018,"160502","ALTO TAPICHE",2,0.176641825,0.116996666076715,543,543
2018,"160503","CAPELO",2,0.168167166666667,0.112176579597844,1066,1066
2018,"160504","EMILIO SAN MARTIN",5,0.179069616666667,0.11837750826831,2653,2653
2018,"160505","MAQUIA",3,0.176539966666667,0.116938732652623,3623,3623
2018,"160506","PUINAHUA",3,0.195103033333333,0.127496749640099,2091,2091
2018,"160507","SAQUENA",3,0.180028583333333,0.11892293465388,1450,1450
2018,"160508","SOPLIN",1,0.172788341666667,0.114804940796358,198,198
2018,"160509","TAPICHE",1,0.178021133333333,0.11778116796295,347,347
2018,"160510","JENARO HERRERA",2,0.167930091666667,0.112041739707311,1695,1695
2018,"160511","YAQUERANA",8,0.170917966666667,0.113741137526266,1397,1397
2018,"160601","CONTAMANA",29,0.1938687,0.126794704415807,12795,12795
2018,"160602","INAHUAYA",5,0.18573725,0.122169822720641,569,569
2018,"160603","PADRE MARQUEZ",7,0.180377983333333,0.119121661039001,1933,1933
2018,"160604","PAMPA HERMOSA",5,0.194852516666667,0.127354264604096,2766,2766
2018,"160605","SARAYACU",7,0.190957275,0.125138788657935,6283,6283
2018,"160606","VARGAS GUERRA",8,0.185798625,0.122204730653918,3507,3507
2018,"160701","BARRANCA",17,0.195311341666667,0.127615228066183,7621,7621
2018,"160702","CAHUAPANAS",4,0.191089766666667,0.125214145240578,4088,4088
2018,"160703","MANSERICHE",12,0.210673125,0.136352468108664,4902,4902
2018,"160704","MORONA",6,0.207791483333333,0.13471349205935,4405,4405
2018,"160705","PASTAZA",12,0.188039716666667,0.123479384476589,4086,4086
2018,"160706","ANDOAS",25,0.204642525,0.132922475727125,6201,6201
2018,"160801","PUTUMAYO",NA,0.187780675,0.123332050721545,1789,1789
2018,"160802","ROSA PANDURO",NA,0.186445425,0.122572607659917,147,147
2018,"160803","TENIENTE MANUEL CLAVERO",2,0.197497191666667,0.128858462379052,789,789
2018,"160804","YAGUAS",NA,0.165628875,0.110732888907235,467,467
2019,"160101","IQUITOS",179,1.30634136666667,0.759529883558368,70252,70252
2019,"160102","ALTO NANAY",4,0.12151645,0.0856432988695579,1066,1066
2019,"160103","FERNANDO LORES",11,0.107233133333333,0.0775194525939341,6784,6784
2019,"160104","INDIANA",5,0.105487558333333,0.0765266311580231,5173,5173
2019,"160105","LAS AMAZONAS",7,0.100747158333333,0.0738304589885129,3255,3255
2019,"160106","MAZAN",8,0.109112125,0.0785881567198324,5517,5517
2019,"160107","NAPO",15,0.125748041666667,0.0880500788215446,6425,6425
2019,"160108","PUNCHANA",23,0.269057283333333,0.169559316230892,22557,22557
2019,"160110","TORRES CAUSANA",5,0.121280758333333,0.0855092457701882,2763,2763
2019,"160112","BELEN",367,0.439820008333333,0.266683125769056,18884,18884
2019,"160113","SAN JUAN BAUTISTA",41,0.2336799,0.149437909519765,37314,37314
2019,"160201","YURIMAGUAS",92,0.235770525,0.150626983214365,33562,33562
2019,"160202","BALSAPUERTO",7,0.124474825,0.0873259181299525,9117,9117
2019,"160205","JEBEROS",4,0.130499358333333,0.0907524600056633,1922,1922
2019,"160206","LAGUNAS",5,0.138588966666667,0.0953535436379666,5606,5606
2019,"160210","SANTA CRUZ",4,0.134154983333333,0.0928316504510193,1632,1632
2019,"160211","TENIENTE CESAR LOPEZ ROJAS",6,0.134982183333333,0.0933021326083517,2196,2196
2019,"160301","NAUTA",108,0.128755091666667,0.0897603827035641,14650,14650
2019,"160302","PARINARI",10,0.129962066666667,0.0904468674736879,2684,2684
2019,"160303","TIGRE",18,0.128338966666667,0.089523705494038,3847,3847
2019,"160304","TROMPETEROS",19,0.146530516666667,0.0998704169171779,4967,4967
2019,"160305","URARINAS",22,0.139259675,0.0957350188599293,6220,6220
2019,"160401","RAMON CASTILLA",17,0.133503166666667,0.0924609201421235,9527,9527
2019,"160402","PEBAS",11,0.118249408333333,0.0837851209060323,5680,5680
2019,"160403","YAVARI",13,0.120238433333333,0.0849164081074203,5404,5404
2019,"160404","SAN PABLO",9,0.123495125,0.0867686993563323,5957,5957
2019,"160501","REQUENA",16,0.138794008333333,0.0954701640993742,13405,13405
2019,"160502","ALTO TAPICHE",1,0.126742991666667,0.0886159712567935,540,540
2019,"160503","CAPELO",4,0.1334184,0.0924127078546438,1115,1115
2019,"160504","EMILIO SAN MARTIN",5,0.134193058333333,0.0928533061668563,2670,2670
2019,"160505","MAQUIA",3,0.130935358333333,0.0910004414135416,3663,3663
2019,"160506","PUINAHUA",3,0.1376863,0.0948401387048362,1999,1999
2019,"160507","SAQUENA",5,0.132371041666667,0.0918170074095679,1373,1373
2019,"160508","SOPLIN",1,0.123789991666667,0.0869364091066451,232,232
2019,"160509","TAPICHE",2,0.125164425,0.0877181382649821,375,375
2019,"160510","JENARO HERRERA",5,0.129474633333333,0.0901696326015621,1720,1720
2019,"160511","YAQUERANA",2,0.130906733333333,0.0909841605240909,1455,1455
2019,"160601","CONTAMANA",19,0.1277495,0.0891884376639983,13418,13418
2019,"160602","INAHUAYA",2,0.114192408333333,0.0814776425304305,641,641
2019,"160603","PADRE MARQUEZ",6,0.125660166666667,0.0880000986237985,2017,2017
2019,"160604","PAMPA HERMOSA",6,0.1314906,0.0913162432718276,2830,2830
2019,"160605","SARAYACU",7,0.119945766666667,0.0847499496394409,6474,6474
2019,"160606","VARGAS GUERRA",3,0.123643108333333,0.086852867052072,3672,3672
2019,"160701","BARRANCA",14,0.131367158333333,0.0912460340096927,8344,8344
2019,"160702","CAHUAPANAS",4,0.11088605,0.0795971026349025,4481,4481
2019,"160703","MANSERICHE",8,0.133254291666667,0.0923193688281654,5222,5222
2019,"160704","MORONA",8,0.13921315,0.0957085570824028,4388,4388
2019,"160705","PASTAZA",9,0.127982375,0.0893208887428048,4263,4263
2019,"160706","ANDOAS",28,0.141817416666667,0.097189772023895,7253,7253
2019,"160801","PUTUMAYO",NA,0.124850266666667,0.0875394560957236,1858,1858
2019,"160802","ROSA PANDURO",NA,0.120924366666667,0.0853065427718944,175,175
2019,"160803","TENIENTE MANUEL CLAVERO",2,0.116982208333333,0.0830643822820337,822,822
2019,"160804","YAGUAS",NA,0.1381407,0.0950985853831388,543,543
2020,"160101","IQUITOS",191,1.72913504166667,1,67537,67537
2020,"160102","ALTO NANAY",4,0.21268965,0.137499396339219,1027,1027
2020,"160103","FERNANDO LORES",17,0.223280333333333,0.143523003135993,6923,6923
2020,"160104","INDIANA",6,0.23598185,0.150747177413952,4821,4821
2020,"160105","LAS AMAZONAS",7,0.225171883333333,0.144598849998544,3197,3197
2020,"160106","MAZAN",8,0.211539875,0.136845444909762,5643,5643
2020,"160107","NAPO",11,0.200178133333333,0.130383287353684,6624,6624
2020,"160108","PUNCHANA",33,0.416025825,0.253149834295856,21542,21542
2020,"160110","TORRES CAUSANA",5,0.206781841666667,0.134139243522762,2800,2800
2020,"160112","BELEN",424,0.705225458333333,0.417636376112131,18689,18689
2020,"160113","SAN JUAN BAUTISTA",60,0.380135358333333,0.232736603898127,37850,37850
2020,"160201","YURIMAGUAS",126,0.330043608333333,0.204246184888748,34603,34603
2020,"160202","BALSAPUERTO",10,0.212433725,0.137353835234147,9356,9356
2020,"160205","JEBEROS",3,0.219178408333333,0.14118997300638,1947,1947
2020,"160206","LAGUNAS",8,0.220136208333333,0.141734735833137,6187,6187
2020,"160210","SANTA CRUZ",4,0.216308916666667,0.139557907448134,1752,1752
2020,"160211","TENIENTE CESAR LOPEZ ROJAS",11,0.2180503,0.140548344812024,2303,2303
2020,"160301","NAUTA",65,0.215302616666667,0.138985559533575,14708,14708
2020,"160302","PARINARI",19,0.218840383333333,0.140997716319687,2660,2660
2020,"160303","TIGRE",13,0.216261116666667,0.139530720495619,3856,3856
2020,"160304","TROMPETEROS",7,0.216974175,0.139936282902499,5102,5102
2020,"160305","URARINAS",9,0.223082558333333,0.14341051569805,6797,6797
2020,"160401","RAMON CASTILLA",26,0.2156982,0.139210553368284,9416,9416
2020,"160402","PEBAS",10,0.228022983333333,0.146220455026072,5950,5950
2020,"160403","YAVARI",10,0.200579683333333,0.130611674817752,4880,4880
2020,"160404","SAN PABLO",9,0.212207558333333,0.137225199618516,5793,5793
2020,"160501","REQUENA",30,0.22732705,0.145824632714628,13005,13005
2020,"160502","ALTO TAPICHE",2,0.21936175,0.141294251273863,523,523
2020,"160503","CAPELO",2,0.209657433333333,0.135774778545659,1119,1119
2020,"160504","EMILIO SAN MARTIN",4,0.214235141666667,0.138378417438678,2653,2653
2020,"160505","MAQUIA",5,0.218185041666667,0.140624981115235,3645,3645
2020,"160506","PUINAHUA",3,0.221416508333333,0.142462925274666,2089,2089
2020,"160507","SAQUENA",6,0.198922125,0.129668914154586,1419,1419
2020,"160508","SOPLIN",7,0.218785425,0.140966457959883,222,222
2020,"160509","TAPICHE",1,0.215888666666667,0.139318884084233,385,385
2020,"160510","JENARO HERRERA",3,0.209762916666667,0.135834773741778,1735,1735
2020,"160511","YAQUERANA",2,0.205656358333333,0.133499108335735,1328,1328
2020,"160601","CONTAMANA",44,0.216320383333333,0.139564429283326,13084,13084
2020,"160602","INAHUAYA",10,0.209034841666667,0.135420670385032,613,613
2020,"160603","PADRE MARQUEZ",4,0.210001941666667,0.135970722723471,2045,2045
2020,"160604","PAMPA HERMOSA",7,0.21758075,0.140281281348562,2763,2763
2020,"160605","SARAYACU",9,0.212629783333333,0.137465346292694,6543,6543
2020,"160606","VARGAS GUERRA",5,0.219717433333333,0.141496551397164,3693,3693
2020,"160701","BARRANCA",33,0.211766425,0.13697429855186,8130,8130
2020,"160702","CAHUAPANAS",6,0.207994266666667,0.134828828060484,4405,4405
2020,"160703","MANSERICHE",7,0.210927175,0.136496962779929,5175,5175
2020,"160704","MORONA",6,0.212827983333333,0.137578075455633,4461,4461
2020,"160705","PASTAZA",24,0.226670708333333,0.145451328745478,4392,4392
2020,"160706","ANDOAS",13,0.205725475,0.133538419455707,7108,7108
2020,"160801","PUTUMAYO",NA,0.212921291666667,0.137631145941566,1859,1859
2020,"160802","ROSA PANDURO",NA,0.19204735,0.125758784834983,151,151
2020,"160803","TENIENTE MANUEL CLAVERO",6,0.219371708333333,0.141299915222304,857,857
2020,"160804","YAGUAS",NA,0.232206008333333,0.148599611972609,562,562
