"","year","iddist","n","population_porj","incidence_malaria_proj","pop_landscan","incidence_malaria_lc"
"1",2010,160101,545,163594,3.33141802266587,182719.4,2.98271557371576
"2",2010,160102,487,2798,174.052894924946,6343.9,76.7666577342014
"3",2010,160103,65,20455,3.17770716206307,5345.8,12.1590781548131
"4",2010,160104,47,12457,3.77297904792486,2837.4,16.5644604215126
"5",2010,160105,30,10669,2.81188490017809,3206,9.35745477230193
"6",2010,160106,555,13977,39.7080918652071,2954,187.880839539607
"7",2010,160107,548,16104,34.0288127173373,8745.7,62.6593640303235
"8",2010,160108,310,85179,3.63939468648376,65237,4.75190459401873
"9",2010,160110,8,5197,1.53934962478353,2647.8,3.0213762368759
"10",2010,160112,204,74551,2.73638180574372,28935.3,7.05021202475869
"11",2010,160113,2367,124143,19.0667214422078,130827.9,18.0924711013476
"12",2010,160803,0,4661,0,3587.9,0
"13",2010,160201,163,69325,2.35124413992066,73166.6,2.22779246268106
"14",2010,160202,53,15710,3.37364735837046,3186.3,16.6337130841415
"15",2010,160205,7,4756,1.47182506307822,5150.2,1.3591705176498
"16",2010,160206,13,14249,0.91234472594568,12850.8,1.01161017212936
"17",2010,160210,8,4402,1.81735574738755,2213.1,3.61483891374091
"18",2010,160211,13,6411,2.0277647792856,4468.4,2.90931877181989
"19",2010,160301,289,30543,9.46206986870969,18767.1,15.3992891815997
"20",2010,160302,14,7634,1.83390096934766,6394.1,2.18951846233246
"21",2010,160303,94,8041,11.6900882974754,11180.7,8.4073447995206
"22",2010,160304,770,8891,86.6044314475312,24092.1,31.9606842076863
"23",2010,160305,274,13086,20.9384074583524,6885.8,39.7920357837869
"24",2010,160401,450,21461,20.9682680210615,12836.1,35.0573772407507
"25",2010,160402,115,15432,7.45204769310524,13295.3,8.64967319278241
"26",2010,160403,1117,12423,89.9138694357241,12393.8,90.125708015298
"27",2010,160404,74,14058,5.26390667235738,15041,4.9198856459012
"28",2010,160501,26,28635,0.907979745067225,19255.6,1.35025654874426
"29",2010,160502,260,2086,124.64046021093,3966.5,65.5489726459095
"30",2010,160503,0,4301,0,1517.6,0
"31",2010,160504,65,7441,8.73538502889397,4678.7,13.8927479855515
"32",2010,160505,16,8431,1.89775827303997,6259.9,2.55595137302513
"33",2010,160506,3,5794,0.517777010700725,2719.7,1.10306283781299
"34",2010,160507,6,4886,1.22799836266885,1490.2,4.0263051939337
"35",2010,160508,444,668,664.670658682635,1699.8,261.207200847159
"36",2010,160509,2,1150,1.73913043478261,1260.2,1.58704967465482
"37",2010,160510,1,5535,0.1806684733514,6411.9,0.155960011852961
"38",2010,160511,1029,2706,380.266075388027,5415.7,190.003139021733
"39",2010,160601,7,25690,0.272479564032698,31305.4,0.223603595545816
"40",2010,160602,0,2419,0,1102.1,0
"41",2010,160603,1,6495,0.153964588144727,4115.6,0.242977937603266
"42",2010,160604,0,8739,0,5411.3,0
"43",2010,160605,136,16535,8.22497732083459,14665.3,9.27359140283527
"44",2010,160606,1,8858,0.112892300745089,6757.8,0.147977152327681
"45",2010,160701,35,13067,2.67850309941073,11886.6,2.94449211717396
"46",2010,160702,54,7679,7.03216564656856,3684,14.6579804560261
"47",2010,160703,72,9943,7.24127526903349,11301.9,6.37061025137366
"48",2010,160704,15,8621,1.73993736225496,7396.2,2.02806846759147
"49",2010,160705,220,6528,33.7009803921569,11053.1,19.9039183577458
"50",2010,160706,191,10841,17.6183008947514,9518.1,20.0670301845957
"51",2011,160101,787,161236,4.88104393559751,172654.7,4.55823096620017
"52",2011,160102,856,2799,305.823508395856,5957.4,143.686843253768
"53",2011,160103,42,20446,2.05419152890541,5142,8.16802800466744
"54",2011,160104,207,12240,16.9117647058824,2702.9,76.5844093381183
"55",2011,160105,82,10526,7.79023370701121,2744.6,29.8768490854769
"56",2011,160106,1770,13966,126.736359730775,2714.9,651.957714832959
"57",2011,160107,620,16170,38.3426097711812,8090.7,76.6311938398408
"58",2011,160108,1300,86498,15.0292492311961,61684.7,21.0749180915203
"59",2011,160110,1,5194,0.192529842125529,2515.2,0.397582697201018
"60",2011,160112,179,74914,2.38940651947567,27362.2,6.54187163312892
"61",2011,160113,1513,130109,11.6287113112852,123679,12.2332813169576
"62",2011,160803,0,4854,0,3429.2,0
"63",2011,160201,58,69968,0.828950377315344,75129.3,0.772002401193675
"64",2011,160202,21,16061,1.30751509868626,2402.9,8.73943984352241
"65",2011,160205,3,4860,0.617283950617284,5245.5,0.57191878753217
"66",2011,160206,9,14278,0.630340383807256,13134.9,0.685197451065482
"67",2011,160210,0,4414,0,2225.7,0
"68",2011,160211,3,6454,0.464828013634955,4575,0.655737704918033
"69",2011,160301,60,30501,1.9671486180781,16577.4,3.61938542835426
"70",2011,160302,10,7570,1.32100396301189,5644.9,1.77151056706053
"71",2011,160303,701,8128,86.2450787401575,9895.7,70.838849197126
"72",2011,160304,196,9249,21.1914801600173,21488.2,9.12128517046565
"73",2011,160305,7,13420,0.521609538002981,6443.8,1.08631552810453
"74",2011,160401,271,22000,12.3181818181818,12120.9,22.3580757204498
"75",2011,160402,140,15766,8.87986807053152,12627.2,11.0871768879878
"76",2011,160403,844,13028,64.7835431378569,12142,69.5107889968704
"77",2011,160404,65,14457,4.4960918586152,14648.7,4.43725381774492
"78",2011,160501,19,28967,0.655918804156454,17845.1,1.06471804585012
"79",2011,160502,36,2090,17.2248803827751,3651.1,9.86004217906932
"80",2011,160503,1,4337,0.230574129582661,1397.5,0.715563506261181
"81",2011,160504,21,7462,2.81425891181989,4302.5,4.88088320743754
"82",2011,160505,4,8424,0.474833808167142,5622,0.711490572749911
"83",2011,160506,0,5845,0,2407.9,0
"84",2011,160507,3,4901,0.612119975515201,1362.5,2.20183486238532
"85",2011,160508,258,674,382.789317507418,1547.9,166.677433942761
"86",2011,160509,1,1164,0.859106529209622,1165.1,0.858295425285383
"87",2011,160510,4,5561,0.719295090811005,5942.3,0.673140029954731
"88",2011,160511,654,2763,236.699239956569,4599.1,142.201735122089
"89",2011,160601,3,26037,0.115220647540039,27542.9,0.108920992342854
"90",2011,160602,0,2469,0,991.8,0
"91",2011,160603,0,6712,0,5348.5,0
"92",2011,160604,2,9103,0.219707788641107,5172.4,0.386667697780527
"93",2011,160605,25,16565,1.50920615756112,15574,1.60523950173366
"94",2011,160606,2,8885,0.225098480585256,6048.4,0.330665961245949
"95",2011,160701,24,13205,1.81749337372207,10100.5,2.3761199940597
"96",2011,160702,5,7824,0.639059304703476,3106,1.60978750804894
"97",2011,160703,4,10052,0.397930760047752,9633,0.415239281636043
"98",2011,160704,5,9400,0.531914893617021,6199.9,0.806464620397103
"99",2011,160705,657,6510,100.921658986175,9223.3,71.2326390771199
"100",2011,160706,192,11156,17.2104697024023,7881.5,24.3608450168115
"101",2012,160101,880,158738,5.54372613992869,181439.5,4.85010154900118
"102",2012,160102,1782,2800,636.428571428571,4239.3,420.352416672564
"103",2012,160103,212,20419,10.3824868994564,3301.3,64.2171265864962
"104",2012,160104,541,12015,45.0270495214315,1842.1,293.686553390153
"105",2012,160105,342,10377,32.9575021682567,1284,266.355140186916
"106",2012,160106,1496,13938,107.332472377673,1186.4,1260.95751854349
"107",2012,160107,681,16221,41.9826151285371,4047.5,168.252007411983
"108",2012,160108,1604,87755,18.2781607885591,62229.1,25.7757222906968
"109",2012,160110,23,5187,4.43416232889917,1449.7,15.8653514520246
"110",2012,160112,472,75209,6.27584464625244,29986.8,15.7402590473142
"111",2012,160113,3614,136163,26.5417183816455,132073.9,27.3634684824178
"112",2012,160803,0,5050,0,2199.8,0
"113",2012,160201,80,70575,1.13354587318456,78659.7,1.01703922084625
"114",2012,160202,10,16409,0.609421658845755,1792.5,5.57880055788006
"115",2012,160205,1,4964,0.201450443190975,4681,0.21362956633198
"116",2012,160206,134,14298,9.37194013148692,12945.1,10.3514070961213
"117",2012,160210,5,4425,1.12994350282486,1884,2.65392781316348
"118",2012,160211,9,6492,1.38632162661738,4140.7,2.17354553577897
"119",2012,160301,670,30434,22.0148518104751,17513.7,38.2557654864478
"120",2012,160302,11,7501,1.46647113718171,3532.7,3.11376567497948
"121",2012,160303,984,8209,119.868437081252,8198.1,120.027811322136
"122",2012,160304,804,9615,83.6193447737909,25948.6,30.9843305611863
"123",2012,160305,32,13749,2.32744199578151,5897.3,5.42621199531989
"124",2012,160401,3306,22538,146.68559765729,15501.2,213.273811059789
"125",2012,160402,766,16096,47.5894632206759,11825.4,64.7758215366922
"126",2012,160403,2772,13651,203.062046736503,9819.2,282.304057357015
"127",2012,160404,499,14858,33.5846008884103,15479.5,32.2361833392551
"128",2012,160501,53,29293,1.8093059775373,23591.6,2.24656233574662
"129",2012,160502,206,2094,98.3763132760267,1954.4,105.403192795743
"130",2012,160503,2,4370,0.45766590389016,1659.6,1.20510966497951
"131",2012,160504,9,7472,1.20449678800857,4232.2,2.12655356552148
"132",2012,160505,2,8414,0.237699072973615,4650.5,0.430061283732932
"133",2012,160506,2,5893,0.339385711861531,1172.8,1.70532060027285
"134",2012,160507,8,4912,1.62866449511401,807.7,9.90466757459453
"135",2012,160508,449,678,662.241887905605,1069.6,419.783096484667
"136",2012,160509,6,1176,5.10204081632653,1072.4,5.59492726594554
"137",2012,160510,1,5584,0.179083094555874,5959.4,0.16780212773098
"138",2012,160511,589,2820,208.86524822695,4668.1,126.175531800947
"139",2012,160601,1,26370,0.0379218809252939,30255.9,0.0330514048499631
"140",2012,160602,0,2518,0,1020.5,0
"141",2012,160603,0,6931,0,5299.7,0
"142",2012,160604,3,9474,0.316656111462951,3944.3,0.760591232918388
"143",2012,160605,9,16583,0.542724476873907,15198.9,0.592148115982078
"144",2012,160606,1,8906,0.112283853581855,6497.8,0.153898242482071
"145",2012,160701,24,13329,1.80058519018681,10031.7,2.39241604114956
"146",2012,160702,5,7962,0.627982918864607,2139.5,2.33699462491236
"147",2012,160703,1,10148,0.0985415845486795,14492.7,0.0690002553009446
"148",2012,160704,39,10230,3.81231671554252,5389.3,7.23656133449613
"149",2012,160705,1207,6484,186.150524367674,8404.7,143.610122907421
"150",2012,160706,662,11467,57.7308799162815,5811.5,113.912070893917
"151",2013,160101,2489,156113,15.9435793303569,194034.1,12.82764215156
"152",2013,160102,1627,2793,582.527747941282,6522.4,249.448055930332
"153",2013,160103,614,20373,30.1379276493398,4689.7,130.92521909717
"154",2013,160104,505,11783,42.8583552575745,3891,129.786687226934
"155",2013,160105,233,10219,22.8006654271455,2769,84.1459010473095
"156",2013,160106,1969,13897,141.685255810607,3768.5,522.489054000265
"157",2013,160107,1770,16258,108.869479640792,8770.1,201.822100090079
"158",2013,160108,3051,88947,34.3013255084489,106087.6,28.7592517881449
"159",2013,160110,119,5178,22.9818462726922,2753.4,43.2192925110772
"160",2013,160112,815,75435,10.8040034466759,29276.1,27.8384074381492
"161",2013,160113,7163,142288,50.3415607781401,124713.9,57.4354582769042
"162",2013,160803,0,5249,0,3589.2,0
"163",2013,160201,160,71146,2.24889663508841,63763.2,2.50928435210278
"164",2013,160202,43,16754,2.56655127133819,2285.3,18.8159103837571
"165",2013,160205,1,5067,0.197355437142293,5465.9,0.182952487239064
"166",2013,160206,195,14309,13.6277867076665,17830.5,10.9363169849415
"167",2013,160210,11,4435,2.48027057497182,2210.8,4.97557445268681
"168",2013,160211,44,6527,6.741228742148,4988.2,8.82081712842308
"169",2013,160301,1345,30342,44.3279941994595,16499.4,81.5181158102719
"170",2013,160302,46,7427,6.19361788070553,5691.2,8.08265392184425
"171",2013,160303,3602,8285,434.761617380809,10933.7,329.44017121377
"172",2013,160304,1076,9986,107.750851191668,20933.3,51.4013557346429
"173",2013,160305,468,14075,33.2504440497336,6667.8,70.1880680284352
"174",2013,160401,3973,23075,172.177681473456,12181.1,326.161019940728
"175",2013,160402,690,16422,42.0168067226891,12964,53.2243134834928
"176",2013,160403,4222,14293,295.38935143077,12535.7,336.798104613225
"177",2013,160404,448,15261,29.3558744512155,14330.5,31.2619936499075
"178",2013,160501,66,29599,2.22980506098179,18163.5,3.63366091337022
"179",2013,160502,263,2098,125.357483317445,3344.4,78.6389187896185
"180",2013,160503,1,4400,0.227272727272727,1523.1,0.656555708751888
"181",2013,160504,18,7480,2.40641711229947,5655.3,3.1828550209538
"182",2013,160505,0,8402,0,5682.7,0
"183",2013,160506,7,5937,1.17904665656055,3157.6,2.21687357486699
"184",2013,160507,16,4919,3.25269363691807,1238.3,12.9209399983849
"185",2013,160508,595,683,871.156661786237,1448,410.911602209945
"186",2013,160509,104,1189,87.4684608915055,1309.5,79.4196258113784
"187",2013,160510,5,5603,0.892379082634303,5931.7,0.842928671375828
"188",2013,160511,637,2877,221.411192214112,4560.8,139.668479214173
"189",2013,160601,10,26682,0.374784498913125,28475.4,0.35118031704559
"190",2013,160602,0,2566,0,1052,0
"191",2013,160603,0,7151,0,5328.2,0
"192",2013,160604,1,9853,0.101491931391454,5285.4,0.189200438945018
"193",2013,160605,1,16595,0.0602591141910214,16269.6,0.0614643261051286
"194",2013,160606,0,8920,0,6030.7,0
"195",2013,160701,79,13437,5.87928853166629,10222.5,7.72805086818293
"196",2013,160702,2,8093,0.247127146917089,3023.6,0.661463156502183
"197",2013,160703,17,10234,1.66112956810631,9762.7,1.74132156063384
"198",2013,160704,301,11110,27.0927092709271,6780.7,44.3906971256655
"199",2013,160705,2482,6451,384.746550922338,9455.8,262.484401108315
"200",2013,160706,2114,11772,179.578661230037,8795.5,240.350179068842
"201",2014,160101,3460,153357,22.5617350365487,195967.8,17.6559618467932
"202",2014,160102,2375,2789,851.55969881678,6576.4,361.139833343471
"203",2014,160103,231,20307,11.3753877973113,4747.3,48.6592378825859
"204",2014,160104,296,11545,25.6388046773495,3925.2,75.4101701824111
"205",2014,160105,157,10055,15.6141223272004,2814.3,55.7865188501581
"206",2014,160106,1969,13844,142.227679861312,3822.4,515.121389702805
"207",2014,160107,3219,16279,197.739418883224,8867.7,363.002807943435
"208",2014,160108,3536,90071,39.2579187529838,107137.3,33.0043784937645
"209",2014,160110,548,5167,106.057673698471,2766.2,198.105704576676
"210",2014,160112,654,75593,8.65159472437924,29568.2,22.1183568834085
"211",2014,160113,10676,148472,71.9058138908346,125931.3,84.7763820432252
"212",2014,160803,0,5452,0,3665.2,0
"213",2014,160201,557,71676,7.77108097550086,64385.4,8.65102958124047
"214",2014,160202,53,17097,3.09995905714453,2311.8,22.9258586382905
"215",2014,160205,0,5170,0,5540.5,0
"216",2014,160206,489,14313,34.1647453364075,18001.9,27.1637993767325
"217",2014,160210,2,4442,0.45024763619991,2241,0.892458723784025
"218",2014,160211,4,6559,0.609849062357067,5033.5,0.794675672990961
"219",2014,160301,1772,30225,58.626964433416,16765.5,105.693239092183
"220",2014,160302,311,7348,42.3244420250408,5755,54.0399652476108
"221",2014,160303,5175,8356,619.315461943514,11002.3,470.356198249457
"222",2014,160304,2735,10362,263.94518432735,21106.2,129.582776624878
"223",2014,160305,2805,14398,194.818724822892,6708.7,418.113792538048
"224",2014,160401,1859,23610,78.7378229563744,12319.6,150.897756420663
"225",2014,160402,517,16744,30.8767319636885,13059.1,39.5892519392607
"226",2014,160403,2627,14956,175.648569136133,12684.1,207.109688507659
"227",2014,160404,239,15664,15.2579162410623,14474.1,16.5122529207343
"228",2014,160501,108,29887,3.61361126911366,18318,5.8958401572224
"229",2014,160502,441,2102,209.800190294957,3370.1,130.856651137948
"230",2014,160503,6,4428,1.3550135501355,1537.2,3.9032006245121
"231",2014,160504,23,7485,3.07281229124916,5719.2,4.02154147433207
"232",2014,160505,11,8387,1.31155359484917,5738.4,1.91691063711139
"233",2014,160506,4,5979,0.669008195350393,3178.1,1.25861363707876
"234",2014,160507,15,4925,3.04568527918782,1248.4,12.0153796859981
"235",2014,160508,307,687,446.870451237263,1462.4,209.928884026258
"236",2014,160509,70,1200,58.3333333333333,1337.3,52.3442757795558
"237",2014,160510,12,5619,2.13561131873999,5980.2,2.00662185211197
"238",2014,160511,583,2933,198.772587794068,4659.1,125.131463158121
"239",2014,160601,5,26986,0.185281256948047,28767.9,0.173804831079085
"240",2014,160602,0,2613,0,1061.5,0
"241",2014,160603,0,7373,0,5379.1,0
"242",2014,160604,4,10238,0.390701308849385,5311.2,0.753125470703419
"243",2014,160605,1,16587,0.0602881774883945,16437.6,0.0608361317953959
"244",2014,160606,1,8929,0.111994624258036,6094.5,0.164082369349413
"245",2014,160701,136,13530,10.0517368810052,10299.1,13.2050373333592
"246",2014,160702,3,8216,0.365141187925998,3050.9,0.983316398439805
"247",2014,160703,169,10307,16.3966236538275,9847.3,17.1620647284027
"248",2014,160704,821,12042,68.1780435143664,6829.5,120.213778461088
"249",2014,160705,3701,6411,577.289034472001,9579.8,386.333743919497
"250",2014,160706,7018,12072,581.345261762757,8914.7,787.239054595219
"251",2015,160101,1884,150484,12.5196034129874,197757.5,9.52681946323148
"252",2015,160102,2357,2784,846.623563218391,6693.8,352.116884280976
"253",2015,160103,178,20225,8.80098887515451,4763.3,37.3690508680956
"254",2015,160104,216,11301,19.1133528006371,3964.3,54.486290139495
"255",2015,160105,155,9885,15.6803237228123,2841.5,54.548653879993
"256",2015,160106,1675,13779,121.561796937368,3875.9,432.157692406925
"257",2015,160107,4343,16286,266.670760162102,8904.3,487.74187751985
"258",2015,160108,1857,91128,20.3779299446932,108114,17.1763138908929
"259",2015,160110,1179,5152,228.843167701863,2816.7,418.57492810736
"260",2015,160112,616,75685,8.13899715927859,29834.5,20.6472372588781
"261",2015,160113,7998,154696,51.7014014583441,127094.3,62.9296514477833
"262",2015,160803,194,5657,34.2937952978611,3694.1,52.5161744403238
"263",2015,160201,221,72170,3.06221421643342,64516.5,3.42548030348825
"264",2015,160202,457,17436,26.2101399403533,2311.2,197.73277950848
"265",2015,160205,16,5271,3.0354771390628,6443.4,2.48316106403452
"266",2015,160206,325,14308,22.7145652781661,18031.6,18.023913573948
"267",2015,160210,3,4449,0.674308833445718,2265.2,1.32438636764966
"268",2015,160211,6,6587,0.910885076666161,5030.3,1.19277180287458
"269",2015,160301,3272,30086,108.754902612511,16894.3,193.674789721977
"270",2015,160302,139,7264,19.1354625550661,5833.9,23.8262568779033
"271",2015,160303,4764,8421,565.728535803349,11175.7,426.282022602611
"272",2015,160304,3761,10745,350.023266635644,21277.4,176.760318459962
"273",2015,160305,2008,14716,136.450122315847,6773.2,296.462528789937
"274",2015,160401,4339,24141,179.735719315687,12715.7,341.231705686671
"275",2015,160402,843,17061,49.4109372252506,12956.9,65.0618589323064
"276",2015,160403,2837,15638,181.417061005244,12855.5,220.683754035238
"277",2015,160404,368,16069,22.9012384093596,14335.2,25.6710753948323
"278",2015,160501,93,30156,3.08396339037008,16823.9,5.52785026064111
"279",2015,160502,275,2106,130.579297245964,3052.7,90.0841877682052
"280",2015,160503,4,4454,0.898069151324652,1429.8,2.79759406910057
"281",2015,160504,2,7488,0.267094017094017,5250.4,0.380923358220326
"282",2015,160505,5,8371,0.597300203082069,5270.7,0.948640598023033
"283",2015,160506,6,6017,0.997174671763337,2974.5,2.01714573877963
"284",2015,160507,39,4927,7.9155672823219,1137.4,34.2887286794443
"285",2015,160508,254,690,368.115942028986,4150.2,61.2018697894077
"286",2015,160509,23,1211,18.9925681255161,1230.5,18.6915887850467
"287",2015,160510,24,5632,4.26136363636364,5487,4.37397484964461
"288",2015,160511,653,2989,218.467714954834,5675.2,115.062024245842
"289",2015,160601,3,27273,0.109998900011,27797.6,0.107922986157078
"290",2015,160602,1,2659,0.376081233546446,1025.7,0.974943940723408
"291",2015,160603,0,7597,0,5179.2,0
"292",2015,160604,1,10630,0.0940733772342427,5191.4,0.192626266517702
"293",2015,160605,1,16569,0.0603536725209729,18855.1,0.0530360486022349
"294",2015,160606,1,8932,0.111957008508733,5871.3,0.170320031338886
"295",2015,160701,318,13608,23.36860670194,11494.3,27.6658865698651
"296",2015,160702,298,8331,35.7700156043692,3012.4,98.924445624751
"297",2015,160703,355,10370,34.2333654773385,9702.5,36.5885081164648
"298",2015,160704,420,13024,32.2481572481572,6724.9,62.4544602893723
"299",2015,160705,2327,6363,365.707999371366,9422.6,246.959437947063
"300",2015,160706,7778,12364,629.08443869298,8761,887.798196552905
"301",2016,160101,2313,157445,14.6908444218616,198547.7,11.64959352337
"302",2017,160101,1518,160686,9.44699600463015,200457.2,7.57268883332701
"303",2018,160101,1530,162450,9.41828254847645,169299.5,9.03723873963006
"304",2019,160101,646,163209,3.95811505492957,150253.6,4.29939781808888
"305",2020,160101,207,163502,1.26603955914912,145333.4,1.42431127325171
"306",2016,160102,1571,3013,521.407235313641,6680.4,235.165558948566
"307",2017,160102,2179,3086,706.092028515878,6732.1,323.673148051871
"308",2018,160102,1955,3155,619.651347068146,5385.7,362.998310340346
"309",2019,160102,719,3219,223.36129232681,4775.5,150.560150769553
"310",2020,160102,274,3277,83.613060726274,2770.6,98.8955460910994
"311",2016,160103,105,15335,6.84708183893055,4770.6,22.0098100867815
"312",2017,160103,100,15180,6.58761528326746,4821.1,20.7421542801435
"313",2018,160103,47,14935,3.14697020421828,8390.9,5.60130617692977
"314",2019,160103,36,14627,2.46120188692145,13013.9,2.76627298503907
"315",2020,160103,6,14284,0.420050406048726,10903.6,0.550276972742947
"316",2016,160104,104,11549,9.00510866741709,3957.1,26.2818730888782
"317",2017,160104,129,11708,11.0181072770755,3999.1,32.2572578830237
"318",2018,160104,43,11768,3.65397688647179,10988.2,3.91328880071349
"319",2019,160104,54,11760,4.59183673469388,15086.2,3.57943020773952
"320",2020,160104,9,11717,0.768114705129299,13685.6,0.657625533407377
"321",2016,160105,29,8873,3.26834216161388,2827.4,10.2567730070029
"322",2017,160105,54,8859,6.09549610565527,2872.3,18.8002645963165
"323",2018,160105,29,8790,3.29920364050057,3353.5,8.64768152676308
"324",2019,160105,12,8680,1.38248847926267,4053,2.96076980014804
"325",2020,160105,15,8546,1.7552071144395,6773,2.21467591909051
"326",2016,160106,1061,13561,78.2390679153455,3897.9,272.197850124426
"327",2017,160106,1340,13746,97.4829041175615,3905.9,343.070739138227
"328",2018,160106,1357,13898,97.6399481939848,15057,90.1241947267052
"329",2019,160106,609,14014,43.4565434565435,21398.8,28.4595397872778
"330",2020,160106,486,14091,34.4901000638706,18707,25.9795798364249
"331",2016,160107,4461,16308,273.546725533481,8978.7,496.842527314645
"332",2017,160107,4091,16757,244.136778659665,9128.9,448.137234497037
"333",2018,160107,2087,17106,122.003975213375,7327.3,284.825242585946
"334",2019,160107,578,17379,33.2585304102653,6549.3,88.253706502985
"335",2020,160107,465,17605,26.4129508662312,10974.4,42.3713369295816
"336",2016,160108,1545,82849,18.648384410192,108551.4,14.2328887513197
"337",2017,160108,1719,84969,20.2309077428239,109576.3,15.6876988910923
"338",2018,160108,1937,86608,22.365139479032,97605,19.8452948107167
"339",2019,160108,569,87876,6.47503300104693,92267.8,6.16683176579478
"340",2020,160108,232,88908,2.60943897062132,89616.5,2.58880898048908
"341",2016,160110,1550,4907,315.875280211942,2808.2,551.9549889609
"342",2017,160110,2828,4970,569.014084507042,2835.1,997.495679164756
"343",2018,160110,2129,5015,424.526420737787,2280.4,933.608138922996
"344",2019,160110,123,5045,24.380574826561,1958.9,62.790341518199
"345",2020,160110,38,5061,7.50839754989133,4556,8.34064969271291
"346",2016,160112,479,68683,6.97406927478415,29958.5,15.9887844852045
"347",2017,160112,437,69818,6.25913088315334,30240.5,14.4508192655545
"348",2018,160112,350,70503,4.96432775910245,28766.1,12.1670994677763
"349",2019,160112,103,70855,1.45367299414297,31086.1,3.31337800496042
"350",2020,160112,30,71005,0.422505457362158,28937.9,1.03670273240284
"351",2016,160113,6911,134234,51.4847207115932,127599,54.1618664723078
"352",2017,160113,3292,138352,23.7943795536024,128826.9,25.5536693035383
"353",2018,160113,5137,143054,35.9095166860067,114807,44.744658426751
"354",2019,160113,1568,147951,10.5981034261343,114624.4,13.6794609175708
"355",2020,160113,425,152555,2.78588050211399,127341,3.33749538640344
"356",2016,160201,306,92127,3.32150183985151,64148,4.77021886886575
"357",2017,160201,127,93157,1.36328992990328,64748.4,1.96143842936659
"358",2018,160201,132,96151,1.37284063608283,72423.6,1.82261030934668
"359",2019,160201,63,100176,0.628893148059415,76899.3,0.819253231173756
"360",2020,160201,135,104052,1.29742820897244,72995.7,1.84942400716755
"361",2016,160202,784,15836,49.5074513766103,2283.5,343.332603459602
"362",2017,160202,1672,16114,103.760704977039,2308.7,724.217091869884
"363",2018,160202,1530,16426,93.1450140021916,2426.5,630.537811662889
"364",2019,160202,632,16738,37.758394073366,2128,296.992481203008
"365",2020,160202,274,17006,16.1119604845349,15035.1,18.224022454124
"366",2016,160205,95,4428,21.4543812104788,7698.7,12.3397456713471
"367",2017,160205,66,4506,14.647137150466,7791.8,8.470443286532
"368",2018,160205,7,4570,1.53172866520788,8433.4,0.830032964166291
"369",2019,160205,0,4620,0,6029.8,0
"370",2020,160205,0,4658,0,4966,0
"371",2016,160206,182,13187,13.8014711458254,18053.6,10.0810918597953
"372",2017,160206,169,13449,12.5659900364339,18230.3,9.27028079625678
"373",2018,160206,451,13594,33.1764013535383,19430.5,23.2109312678521
"374",2019,160206,132,13658,9.66466539756919,16240.1,8.12802876829576
"375",2020,160206,35,13684,2.55773165741011,12495.1,2.80109803042793
"376",2016,160210,4,4105,0.97442143727162,2226.4,1.79662234998203
"377",2017,160210,8,4187,1.91067590160019,2254.5,3.548458638279
"378",2018,160210,6,4235,1.41676505312869,2862.2,2.09628956746559
"379",2019,160210,1,4260,0.234741784037559,4712.9,0.212183581234484
"380",2020,160210,23,4273,5.38263515094781,3711.6,6.19678844703093
"381",2016,160211,67,5976,11.2115127175368,5244.1,12.7762628477718
"382",2017,160211,28,6084,4.60223537146614,5287.8,5.2952078369076
"383",2018,160211,10,6153,1.62522346822688,5769.2,1.73334257782708
"384",2019,160211,2,6194,0.322893122376493,6416.6,0.311691550042078
"385",2020,160211,3,6219,0.482392667631452,5178.4,0.579329522632473
"386",2016,160301,1106,31099,35.5638444966076,16252.4,68.0514877802663
"387",2017,160301,354,31970,11.0728808257742,16487.6,21.4706809966278
"388",2018,160301,153,32622,4.69008644473055,16548.8,9.24538335105869
"389",2019,160301,204,33114,6.16053632904512,16222.4,12.5752046552914
"390",2020,160301,167,33520,4.98210023866348,18976.1,8.80054384199072
"391",2016,160302,93,6473,14.3673721612853,5572.7,16.6884992911874
"392",2017,160302,51,6456,7.8996282527881,5649.4,9.02750734591284
"393",2018,160302,20,6416,3.11720698254364,1713.8,11.6699731590617
"394",2019,160302,24,6355,3.7765538945712,2090.3,11.4816055111706
"395",2020,160302,25,6276,3.98342893562779,3726.2,6.70924802748108
"396",2016,160303,6130,7240,846.685082872928,10995.3,557.510936491046
"397",2017,160303,3690,7415,497.63991908294,11050.2,333.930607590813
"398",2018,160303,3559,7509,473.964575842323,9856.8,361.070529989449
"399",2019,160303,1860,7549,246.390250364287,9435.7,197.123689816336
"400",2020,160303,1216,7568,160.676532769556,8917.7,136.358029536764
"401",2016,160304,3607,9478,380.565520151931,20805.4,173.368452421006
"402",2017,160304,2825,9790,288.55975485189,20957,134.799828219688
"403",2018,160304,3026,10126,298.834682994272,23523.8,128.635679609587
"404",2019,160304,1796,10466,171.603286833556,22001.2,81.6319109866734
"405",2020,160304,1229,10789,113.91231810177,17525.7,70.1255869950986
"406",2016,160305,2760,12639,218.371706622359,9085.8,303.770719144159
"407",2017,160305,2001,13026,153.615845232612,9168.3,218.252020549066
"408",2018,160305,1509,13324,113.254277994596,8438.9,178.814774437427
"409",2019,160305,648,13556,47.8017114192977,10890.6,59.5008539474409
"410",2020,160305,613,13751,44.5785761035561,11204.2,54.7116259973938
"411",2016,160401,1292,21386,60.4133545310016,13583.6,95.1146971347802
"412",2017,160401,1236,22240,55.5755395683453,13689.3,90.2894961758454
"413",2018,160401,601,22883,26.2640388061006,12403.2,48.4552373581011
"414",2019,160401,590,23378,25.2374026862863,12590.5,46.8607283269131
"415",2020,160401,175,23811,7.34954432825165,13360.6,13.098214152059
"416",2016,160402,170,12598,13.4942054294332,12638.1,13.4513890537343
"417",2017,160402,96,12764,7.52115324349734,12766.9,7.51944481432454
"418",2018,160402,49,12808,3.82573391630231,9545.7,5.13320133672753
"419",2019,160402,66,12771,5.16795865633075,9342.9,7.06418777895514
"420",2020,160402,0,12700,0,8888.3,0
"421",2016,160403,899,9796,91.7721518987342,13083.6,68.7119752973188
"422",2017,160403,1802,9964,180.851063829787,13278.5,135.708099559438
"423",2018,160403,1496,10040,149.003984063745,12429.8,120.355918840207
"424",2019,160403,814,10054,80.9628008752735,13082.5,62.2205236002293
"425",2020,160403,302,10041,30.0766855890848,8671.5,34.8267312460359
"426",2016,160404,115,12146,9.46813765848839,14033.1,8.19491060421432
"427",2017,160404,88,12412,7.08991298743152,14160.4,6.21451371430186
"428",2018,160404,25,12564,1.98981216173193,11381.6,2.19652772896605
"429",2019,160404,33,12639,2.61096605744125,11167.5,2.95500335795836
"430",2020,160404,13,12680,1.02523659305994,15246.2,0.852671485353727
"431",2016,160501,34,26718,1.27255034059436,14915.8,2.27946204695692
"432",2017,160501,26,27260,0.953778429933969,15069.7,1.72531636329854
"433",2018,160501,25,27624,0.905010136113524,13280.1,1.88251594491005
"434",2019,160501,6,27856,0.215393452039058,11254.8,0.533105874826741
"435",2020,160501,10,28008,0.357040845472722,13605.7,0.734986072013935
"436",2016,160502,42,1695,24.7787610619469,2525.9,16.6277366483234
"437",2017,160502,3,1687,1.778304682869,2602.8,1.15260488704472
"438",2018,160502,9,1673,5.37955768081291,1272.1,7.07491549406493
"439",2019,160502,49,1654,29.6251511487303,1094.4,44.7733918128655
"440",2020,160502,58,1631,35.5610055180871,981.1,59.1173172969116
"441",2016,160503,5,2751,1.81752090149037,1295.3,3.86010962711341
"442",2017,160503,1,2688,0.37202380952381,1303.7,0.76704763365805
"443",2018,160503,2,2607,0.767165324127349,1129.7,1.77038151721696
"444",2019,160503,2,2514,0.795544948289578,1199.2,1.66777851901268
"445",2020,160503,0,2417,0,1927.8,0
"446",2016,160504,3,6719,0.446495014139009,4770.7,0.628838535225439
"447",2017,160504,6,6806,0.881575080811049,4759.5,1.26063662149385
"448",2018,160504,14,6851,2.04349729966428,3806.8,3.67762950509614
"449",2019,160504,9,6865,1.31099781500364,4833.4,1.86204328216163
"450",2020,160504,1,6859,0.145793847499636,4633.4,0.215824232744853
"451",2016,160505,2,8226,0.243131534159981,4639.6,0.431071644107251
"452",2017,160505,1,8400,0.119047619047619,4713.3,0.21216557401396
"453",2018,160505,2,8523,0.234659157573624,2937.8,0.680781537204711
"454",2019,160505,0,8608,0,6986.4,0
"455",2020,160505,0,8669,0,7163.9,0
"456",2016,160506,6,4698,1.27713920817369,2638.2,2.27427791676143
"457",2017,160506,2,4722,0.423549343498518,2658.2,0.752388834549695
"458",2018,160506,3,4709,0.637077935867488,522.3,5.74382538770821
"459",2019,160506,0,4670,0,2407.2,0
"460",2020,160506,2,4617,0.433181719731427,3031.3,0.659782931415564
"461",2016,160507,19,3549,5.35362073823612,1023.2,18.5691946833464
"462",2017,160507,11,3496,3.14645308924485,1032.6,10.652721286074
"463",2018,160507,15,3426,4.37828371278459,4163.3,3.60291115221099
"464",2019,160507,7,3344,2.0933014354067,3991.7,1.75363880051106
"465",2020,160507,0,3256,0,4317.4,0
"466",2016,160508,330,657,502.283105022831,7552.5,43.6941410129096
"467",2017,160508,307,670,458.208955223881,7644.4,40.1601172099838
"468",2018,160508,291,680,427.941176470588,5798.8,50.1827964406429
"469",2019,160508,135,688,196.220930232558,4924.3,27.4150640700201
"470",2020,160508,61,695,87.7697841726619,1903.1,32.0529662130209
"471",2016,160509,11,964,11.4107883817427,1135.6,9.68650933427263
"472",2017,160509,0,966,0,1137.2,0
"473",2018,160509,3,964,3.11203319502075,894.7,3.35307924443948
"474",2019,160509,0,959,0,693.6,0
"475",2020,160509,14,952,14.7058823529412,613.7,22.8124490793547
"476",2016,160510,13,4992,2.60416666666667,4879.5,2.66420739829901
"477",2017,160510,5,5052,0.989707046714173,4930.8,1.01403423379573
"478",2018,160510,5,5084,0.983477576711251,4369.9,1.1441909425845
"479",2019,160510,1,5095,0.196270853778214,3701.5,0.270160745643658
"480",2020,160510,0,5092,0,4665.2,0
"481",2016,160511,291,2253,129.161118508655,7557.8,38.5032681468152
"482",2017,160511,613,2272,269.806338028169,7552.8,81.1619531829255
"483",2018,160511,659,2278,289.288849868306,6612.9,99.6537071481498
"484",2019,160511,506,2274,222.515391380827,5569.2,90.8568555627379
"485",2020,160511,471,2263,208.130799823243,4102.7,114.802447168938
"486",2016,160601,1,25930,0.0385653682992673,26673.6,0.0374902525343411
"487",2017,160601,0,26752,0,26941.7,0
"488",2018,160601,0,27376,0,22453.2,0
"489",2019,160601,0,27856,0,20814.1,0
"490",2020,160601,1,28258,0.0353882086488782,21168.4,0.0472402259972412
"491",2016,160602,0,1777,0,984.5,0
"492",2017,160602,1,1800,0.555555555555556,992.1,1.00796290696502
"493",2018,160602,0,1793,0,831.6,0
"494",2019,160602,0,1768,0,762.1,0
"495",2020,160602,0,1739,0,370.8,0
"496",2016,160603,0,3969,0,4956.2,0
"497",2017,160603,0,3880,0,5010.7,0
"498",2018,160603,0,3766,0,4442,0
"499",2019,160603,0,3637,0,4133.3,0
"500",2020,160603,0,3503,0,5331.1,0
"501",2016,160604,1,6214,0.160926939169617,5039.3,0.19844025955986
"502",2017,160604,1,6345,0.157604412923562,5065.3,0.197421672951257
"503",2018,160604,3,6353,0.472217849834724,3532.7,0.849208820448948
"504",2019,160604,0,6286,0,3309.2,0
"505",2020,160604,0,6200,0,6778.8,0
"506",2016,160605,2,14579,0.137183620275739,21217.6,0.0942613679209713
"507",2017,160605,1,15036,0.0665070497472732,21428.6,0.0466666044445274
"508",2018,160605,2,15226,0.131354262445816,17868.7,0.111927560482856
"509",2019,160605,3,15251,0.196708412563111,20278.3,0.14794139548187
"510",2020,160605,0,15234,0,14752.4,0
"511",2016,160606,0,7403,0,5693.6,0
"512",2017,160606,1,7584,0.131856540084388,5753,0.173822353554667
"513",2018,160606,3,7631,0.393133272179269,5510.7,0.544395448854048
"514",2019,160606,0,7597,0,5149.3,0
"515",2020,160606,0,7543,0,5631.9,0
"516",2016,160701,373,14766,25.2607341189218,12918.5,28.8733212060224
"517",2017,160701,349,14905,23.4149614223415,13050.6,26.7420654989043
"518",2018,160701,168,15214,11.0424608912843,13492.4,12.451454151967
"519",2019,160701,164,15600,10.5128205128205,12877.3,12.7355889821624
"520",2020,160701,84,15950,5.26645768025078,12497,6.72161318716492
"521",2016,160702,572,7475,76.5217391304348,2846.5,200.948533286492
"522",2017,160702,80,7621,10.497310064296,2880.5,27.7729560840132
"523",2018,160702,79,7749,10.1948638534004,2575.1,30.6784202555241
"524",2019,160702,246,7857,31.3096601756396,2451.6,100.342633382281
"525",2020,160702,29,7942,3.65147318055905,5770.9,5.02521270512398
"526",2016,160703,229,9055,25.2898950855881,10675.6,21.4507849675896
"527",2017,160703,295,9264,31.8436960276339,10777,27.3731093996474
"528",2018,160703,291,9378,31.0300703774792,11147.8,26.1038052351137
"529",2019,160703,368,9428,39.0326686465846,10693.2,34.4143941944413
"530",2020,160703,290,9451,30.6845836419427,11027.8,26.2971762273527
"531",2016,160704,313,4805,65.1404786680541,6360.7,49.208420456868
"532",2017,160704,1045,4866,214.7554459515,6413.7,162.932472675679
"533",2018,160704,915,4811,190.189149864893,5559.1,164.594988397402
"534",2019,160704,349,4690,74.4136460554371,5520.1,63.2234923280375
"535",2020,160704,602,4557,132.1044546851,5464.2,110.171662823469
"536",2016,160705,3634,6068,598.87936717205,8900.5,408.291669007359
"537",2017,160705,5144,6129,839.288627834883,8975.6,573.109318597085
"538",2018,160705,2773,6164,449.870214146658,6167.4,449.622207088887
"539",2019,160705,1325,6176,214.540155440415,6157.8,215.174250544025
"540",2020,160705,1275,6170,206.645056726094,5399.6,236.128602118675
"541",2016,160706,10094,14090,716.39460610362,8311.8,1214.41805625737
"542",2017,160706,10722,14140,758.274398868458,8395.3,1277.14316343668
"543",2018,160706,7264,14570,498.558682223747,7582.5,957.995384108144
"544",2019,160706,5714,15198,375.970522437163,9075,629.641873278237
"545",2020,160706,3868,15800,244.810126582278,7012.6,551.578587114622
"546",2016,160801,270,4122,65.5021834061135,5343,50.5334081976418
"547",2017,160801,298,4226,70.5158542356839,5399.7,55.1882511991407
"548",2018,160801,67,4297,15.5922736793111,4782.5,14.0094093047569
"549",2019,160801,97,4346,22.3193741371376,4027.5,24.0844196151459
"550",2020,160801,53,4384,12.0894160583942,3280.8,16.1545964398927
"551",2016,160802,130,598,217.391304347826,2187.4,59.4312882874646
"552",2017,160802,58,606,95.7095709570957,2190.6,26.4767643567972
"553",2018,160802,9,612,14.7058823529412,1808.1,4.97760079641613
"554",2019,160802,1,615,1.6260162601626,1486.5,0.67272115708039
"555",2020,160802,1,615,1.6260162601626,1025.3,0.975324295328197
"556",2016,160803,124,2935,42.2487223168654,3798.6,32.6436055388828
"557",2017,160803,292,2873,101.635920640446,3818.9,76.4618083741391
"558",2018,160803,200,2797,71.5051841258491,1701.8,117.522623104948
"559",2019,160803,213,2710,78.5977859778598,1747.6,121.881437399863
"560",2020,160803,116,2616,44.3425076452599,3439.4,33.7268128161889
"561",2016,160804,109,1399,77.9127948534668,5209.1,20.9249198517978
"562",2017,160804,78,1449,53.8302277432712,5282.6,14.7654564040435
"563",2018,160804,76,1491,50.972501676727,3799.7,20.001579072032
"564",2019,160804,192,1527,125.73673870334,3421.6,56.1140986672902
"565",2020,160804,64,1559,41.0519563822963,2421.5,26.4298988230436
"566",2015,160801,1094,4122,NA,4136.3,264.487585523294
"567",2010,160801,0,4122,NA,4293.5,0
"568",2011,160801,0,4122,NA,3747.1,0
"569",2012,160801,0,4122,NA,1878.5,0
"570",2013,160801,0,4122,NA,3954.2,0
"571",2014,160801,0,4122,NA,3980.8,0
"572",2010,160802,0,598,NA,2044.1,0
"573",2011,160802,0,598,NA,1954,0
"574",2012,160802,0,598,NA,888,0
"575",2013,160802,0,598,NA,2107.2,0
"576",2014,160802,0,598,NA,2137,0
"577",2015,160802,0,598,NA,2177.6,0
"578",2010,160804,0,1399,NA,5174.1,0
"579",2011,160804,0,1399,NA,4478.9,0
"580",2012,160804,0,1399,NA,1981.6,0
"581",2013,160804,0,1399,NA,5053.5,0
"582",2014,160804,0,1399,NA,5116.3,0
"583",2015,160804,0,1399,NA,5155.5,0
