"year","ubigeo","enfermedad","n","pop_landscan","malaria_incidence"
2010,"160101",0,271,182719.4,1.4831484779394
2010,"160101",1,243,182719.4,1.32990804479437
2010,"160102",0,273,6343.9,43.0334652185564
2010,"160102",1,213,6343.9,33.5755607749176
2010,"160103",0,63,5345.8,11.7849526731266
2010,"160103",1,2,5345.8,0.374125481686558
2010,"160104",0,43,2837.4,15.1547191090435
2010,"160104",1,4,2837.4,1.40974131246916
2010,"160105",0,25,3206,7.79787897691828
2010,"160105",1,4,3206,1.24766063630692
2010,"160106",0,423,2954,143.195666892349
2010,"160106",1,132,2954,44.685172647258
2010,"160107",0,428,8745.7,48.9383354105446
2010,"160107",1,121,8745.7,13.8353705249437
2010,"160108",0,216,65237,3.31100449131628
2010,"160108",1,95,65237,1.45622882719929
2010,"160110",0,7,2647.8,2.64370420726641
2010,"160110",1,1,2647.8,0.377672029609487
2010,"160112",0,187,28935.3,6.4626943560288
2010,"160112",1,17,28935.3,0.58751766872989
2010,"160113",0,2259,130827.9,17.2669591119325
2010,"160113",1,153,130827.9,1.16947531833806
2010,"160201",0,128,73166.6,1.74943211793359
2010,"160201",1,64,73166.6,0.874716058966796
2010,"160202",0,47,3186.3,14.7506512255594
2010,"160202",1,8,3186.3,2.51074914477607
2010,"160205",0,6,5150.2,1.16500330084269
2010,"160205",1,1,5150.2,0.194167216807114
2010,"160206",0,12,12850.8,0.933794005042488
2010,"160206",1,2,12850.8,0.155632334173748
2010,"160210",0,8,2213.1,3.61483891374091
2010,"160211",0,11,4468.4,2.46173126846299
2010,"160211",1,2,4468.4,0.447587503356906
2010,"160301",0,294,18767.1,15.6657128698627
2010,"160302",0,14,6394.1,2.18951846233246
2010,"160303",0,85,11180.7,7.60238625488565
2010,"160303",1,7,11180.7,0.626078868049406
2010,"160304",0,692,24092.1,28.7231084048298
2010,"160304",1,78,24092.1,3.23757580285654
2010,"160305",0,224,6885.8,32.5307153852857
2010,"160305",1,50,6885.8,7.26132039850126
2010,"160401",0,400,12836.1,31.1621131028895
2010,"160401",1,52,12836.1,4.05107470337564
2010,"160402",0,103,13295.3,7.74709859875294
2010,"160402",1,12,13295.3,0.902574594029469
2010,"160403",0,731,12393.8,58.9811034549533
2010,"160403",1,387,12393.8,31.225290064387
2010,"160404",0,76,15041,5.05285552822286
2010,"160501",0,22,19255.6,1.14252477201438
2010,"160501",1,5,19255.6,0.259664720912358
2010,"160502",0,228,3966.5,57.4814067817976
2010,"160502",1,32,3966.5,8.06756586411194
2010,"160504",0,56,4678.7,11.9691367260136
2010,"160504",1,8,4678.7,1.7098766751448
2010,"160505",0,8,6259.9,1.27797568651256
2010,"160505",1,8,6259.9,1.27797568651256
2010,"160506",0,3,2719.7,1.10306283781299
2010,"160507",0,6,1490.2,4.0263051939337
2010,"160508",0,283,1699.8,166.490175314743
2010,"160508",1,161,1699.8,94.7170255324156
2010,"160509",0,1,1260.2,0.793524837327408
2010,"160509",1,1,1260.2,0.793524837327408
2010,"160510",0,1,6411.9,0.155960011852961
2010,"160511",0,725,5415.7,133.870044500249
2010,"160511",1,305,5415.7,56.3177428587256
2010,"160601",0,9,31305.4,0.287490337130335
2010,"160601",1,1,31305.4,0.0319433707922595
2010,"160603",0,1,4115.6,0.242977937603266
2010,"160605",0,136,14665.3,9.27359140283527
2010,"160606",0,2,6757.8,0.295954304655361
2010,"160701",0,22,11886.6,1.85082361650935
2010,"160701",1,13,11886.6,1.09366850066461
2010,"160702",0,48,3684,13.0293159609121
2010,"160702",1,5,3684,1.35722041259501
2010,"160703",0,72,11301.9,6.37061025137366
2010,"160704",0,15,7396.2,2.02806846759147
2010,"160705",0,211,11053.1,19.0896671522016
2010,"160705",1,9,11053.1,0.814251205544146
2010,"160706",0,172,9518.1,18.0708334646621
2010,"160706",1,19,9518.1,1.9961967199336
2010,"160801",0,127,4293.5,29.5795970653313
2010,"160801",1,3,4293.5,0.698730639338535
2010,"160803",0,34,3587.9,9.47629532595669
2010,"160803",1,20,3587.9,5.57429136820982
2011,"160101",0,604,172654.7,3.49831194864663
2011,"160101",1,207,172654.7,1.19892479034744
2011,"160102",0,534,5957.4,89.6364185718602
2011,"160102",1,321,5957.4,53.8825662201632
2011,"160103",0,35,5142,6.80669000388954
2011,"160103",1,7,5142,1.36133800077791
2011,"160104",0,103,2702.9,38.1072181730734
2011,"160104",1,103,2702.9,38.1072181730734
2011,"160105",0,77,2744.6,28.0550899948991
2011,"160105",1,5,2744.6,1.82175909057786
2011,"160106",0,1133,2714.9,417.326605031493
2011,"160106",1,636,2714.9,234.26277210947
2011,"160107",0,504,8090.7,62.2937446698061
2011,"160107",1,111,8090.7,13.7194556713263
2011,"160108",0,1119,61684.7,18.1406410341624
2011,"160108",1,184,61684.7,2.98291148372287
2011,"160110",1,1,2515.2,0.397582697201018
2011,"160112",0,146,27362.2,5.33582825942358
2011,"160112",1,34,27362.2,1.24259014260549
2011,"160113",0,1203,123679,9.72679274573695
2011,"160113",1,310,123679,2.50648857122066
2011,"160201",0,57,75129.3,0.758692014966198
2011,"160201",1,5,75129.3,0.0665519311373858
2011,"160202",0,21,2402.9,8.73943984352241
2011,"160205",0,3,5245.5,0.57191878753217
2011,"160206",0,10,13134.9,0.761330501183869
2011,"160211",0,2,4575,0.437158469945355
2011,"160211",1,1,4575,0.218579234972678
2011,"160301",0,59,16577.4,3.55906233788169
2011,"160301",1,5,16577.4,0.301615452362855
2011,"160302",0,10,5644.9,1.77151056706053
2011,"160302",1,1,5644.9,0.177151056706053
2011,"160303",0,658,9895.7,66.4935274917388
2011,"160303",1,41,9895.7,4.14321371909011
2011,"160304",0,190,21488.2,8.84206215504323
2011,"160304",1,6,21488.2,0.279223015422418
2011,"160305",0,7,6443.8,1.08631552810453
2011,"160401",0,264,12120.9,21.7805608494419
2011,"160401",1,7,12120.9,0.577514871007928
2011,"160402",0,136,12627.2,10.7704004054739
2011,"160402",1,5,12627.2,0.395970603142423
2011,"160403",0,710,12142,58.4747158622962
2011,"160403",1,135,12142,11.1184318893098
2011,"160404",0,55,14648.7,3.7545993842457
2011,"160404",1,10,14648.7,0.682654433499218
2011,"160501",0,12,17845.1,0.672453502642182
2011,"160501",1,7,17845.1,0.392264543207939
2011,"160502",0,36,3651.1,9.86004217906932
2011,"160503",0,1,1397.5,0.715563506261181
2011,"160504",0,18,4302.5,4.1836141778036
2011,"160504",1,3,4302.5,0.697269029633934
2011,"160505",0,2,5622,0.355745286374956
2011,"160505",1,2,5622,0.355745286374956
2011,"160507",0,3,1362.5,2.20183486238532
2011,"160508",0,164,1547.9,105.949996769817
2011,"160508",1,94,1547.9,60.727437172944
2011,"160509",0,1,1165.1,0.858295425285383
2011,"160510",0,3,5942.3,0.504855022466048
2011,"160510",1,1,5942.3,0.168285007488683
2011,"160511",0,460,4599.1,100.019569046118
2011,"160511",1,194,4599.1,42.1821660759714
2011,"160601",0,5,27542.9,0.18153498723809
2011,"160604",0,3,5172.4,0.580001546670791
2011,"160605",0,24,15574,1.54102992166431
2011,"160605",1,1,15574,0.0642095800693464
2011,"160606",0,2,6048.4,0.330665961245949
2011,"160701",0,24,10100.5,2.3761199940597
2011,"160702",0,5,3106,1.60978750804894
2011,"160703",0,4,9633,0.415239281636043
2011,"160704",0,5,6199.9,0.806464620397103
2011,"160705",0,643,9223.3,69.7147441804994
2011,"160705",1,12,9223.3,1.30105276853187
2011,"160706",0,188,7881.5,23.8533274122946
2011,"160706",1,2,7881.5,0.253758802258453
2011,"160801",0,62,3747.1,16.5461290064316
2011,"160801",1,22,3747.1,5.87120706679832
2011,"160803",0,1,3429.2,0.291613204245888
2012,"160101",0,776,181439.5,4.27690772957377
2012,"160101",1,139,181439.5,0.766095585580869
2012,"160102",0,1112,4239.3,262.307456419692
2012,"160102",1,670,4239.3,158.044960252872
2012,"160103",0,188,3301.3,56.9472631993457
2012,"160103",1,24,3301.3,7.26986338715052
2012,"160104",0,332,1842.1,180.229086368818
2012,"160104",1,209,1842.1,113.457467021334
2012,"160105",0,329,1284,256.230529595016
2012,"160105",1,13,1284,10.1246105919003
2012,"160106",0,1052,1186.4,886.716115981119
2012,"160106",1,448,1186.4,377.612946729602
2012,"160107",0,560,4047.5,138.357010500309
2012,"160107",1,122,4047.5,30.142063001853
2012,"160108",0,1305,62229.1,20.9708962527178
2012,"160108",1,301,62229.1,4.83696534258088
2012,"160110",0,23,1449.7,15.8653514520246
2012,"160112",0,408,29986.8,13.605986634119
2012,"160112",1,66,29986.8,2.20096842610749
2012,"160113",0,3272,132073.9,24.7740090964225
2012,"160113",1,340,132073.9,2.57431634865026
2012,"160201",0,80,78659.7,1.01703922084625
2012,"160201",1,9,78659.7,0.114416912345203
2012,"160202",0,10,1792.5,5.57880055788006
2012,"160205",0,1,4681,0.21362956633198
2012,"160206",0,134,12945.1,10.3514070961213
2012,"160210",0,4,1884,2.12314225053079
2012,"160210",1,2,1884,1.06157112526539
2012,"160211",0,9,4140.7,2.17354553577897
2012,"160301",0,519,17513.7,29.6339437126364
2012,"160301",1,154,17513.7,8.79311624613874
2012,"160302",0,8,3532.7,2.26455685453053
2012,"160302",1,5,3532.7,1.41534803408158
2012,"160303",0,948,8198.1,115.636549932301
2012,"160303",1,33,8198.1,4.02532294068138
2012,"160304",0,799,25948.6,30.7916419382934
2012,"160304",1,3,25948.6,0.11561317373577
2012,"160305",0,21,5897.3,3.56095162192868
2012,"160305",1,11,5897.3,1.86526037339121
2012,"160401",0,3171,15501.2,204.564807885841
2012,"160401",1,142,15501.2,9.16058111630067
2012,"160402",0,704,11825.4,59.5328699240618
2012,"160402",1,66,11825.4,5.58120655538079
2012,"160403",0,2406,9819.2,245.030145021998
2012,"160403",1,362,9819.2,36.8665471728858
2012,"160404",0,380,15479.5,24.5485965308957
2012,"160404",1,122,15479.5,7.88139151781388
2012,"160501",0,47,23591.6,1.99223452415266
2012,"160501",1,8,23591.6,0.339103748791943
2012,"160502",0,197,1954.4,100.798198935735
2012,"160502",1,9,1954.4,4.60499386000819
2012,"160503",0,2,1659.6,1.20510966497951
2012,"160504",0,6,4232.2,1.41770237701432
2012,"160504",1,3,4232.2,0.70885118850716
2012,"160505",0,2,4650.5,0.430061283732932
2012,"160506",0,2,1172.8,1.70532060027285
2012,"160507",0,8,807.7,9.90466757459453
2012,"160508",0,304,1069.6,284.218399401646
2012,"160508",1,144,1069.6,134.629768137622
2012,"160509",0,5,1072.4,4.66243938828795
2012,"160509",1,1,1072.4,0.93248787765759
2012,"160510",1,1,5959.4,0.16780212773098
2012,"160511",0,551,4668.1,118.035174910563
2012,"160511",1,38,4668.1,8.14035689038367
2012,"160601",0,2,30255.9,0.0661028096999263
2012,"160604",0,3,3944.3,0.760591232918388
2012,"160605",0,7,15198.9,0.460559645763838
2012,"160605",1,2,15198.9,0.13158847021824
2012,"160606",0,2,6497.8,0.307796484964142
2012,"160701",0,22,10031.7,2.19304803772043
2012,"160701",1,2,10031.7,0.19936800342913
2012,"160702",0,5,2139.5,2.33699462491236
2012,"160703",0,1,14492.7,0.0690002553009446
2012,"160704",0,38,5389.3,7.05100847976546
2012,"160704",1,1,5389.3,0.18555285473067
2012,"160705",0,753,8404.7,89.592727878449
2012,"160705",1,453,8404.7,53.8984139826526
2012,"160706",0,600,5811.5,103.243568786028
2012,"160706",1,60,5811.5,10.3243568786028
2012,"160801",0,75,1878.5,39.925472451424
2012,"160801",1,2,1878.5,1.06467926537131
2013,"160101",0,2162,194034.1,11.1423713666825
2013,"160101",1,407,194034.1,2.09756944784448
2013,"160102",0,1176,6522.4,180.301729424752
2013,"160102",1,461,6522.4,70.6795044768797
2013,"160103",0,601,4689.7,128.153186771009
2013,"160103",1,13,4689.7,2.77203232616159
2013,"160104",0,482,3891,123.875610382935
2013,"160104",1,24,3891,6.1680801850424
2013,"160105",0,226,2769,81.6179126038281
2013,"160105",1,10,2769,3.61141206211629
2013,"160106",0,1504,3768.5,399.097784264296
2013,"160106",1,467,3768.5,123.921984874619
2013,"160107",0,1578,8770.1,179.929533300647
2013,"160107",1,194,8770.1,22.1206143601555
2013,"160108",0,2703,106087.6,25.4789438162424
2013,"160108",1,363,106087.6,3.42170055689826
2013,"160110",0,116,2753.4,42.1297305149996
2013,"160110",1,3,2753.4,1.08956199607758
2013,"160112",0,678,29276.1,23.158822384129
2013,"160112",1,139,29276.1,4.74790016429784
2013,"160113",0,6291,124713.9,50.4434549797577
2013,"160113",1,884,124713.9,7.08822352600632
2013,"160201",0,158,63763.2,2.4779182977015
2013,"160201",1,3,63763.2,0.0470490816019271
2013,"160202",0,45,2285.3,19.6910690062574
2013,"160205",0,1,5465.9,0.182952487239064
2013,"160206",0,195,17830.5,10.9363169849415
2013,"160210",0,11,2210.8,4.97557445268681
2013,"160211",0,44,4988.2,8.82081712842308
2013,"160301",0,1257,16499.4,76.184588530492
2013,"160301",1,102,16499.4,6.18204298338121
2013,"160302",0,43,5691.2,7.55552431824571
2013,"160302",1,3,5691.2,0.527129603598538
2013,"160303",0,2213,10933.7,202.401748721842
2013,"160303",1,1390,10933.7,127.129882839295
2013,"160304",0,916,20933.3,43.7580314618335
2013,"160304",1,166,20933.3,7.9299489330397
2013,"160305",0,276,6667.8,41.3929631962566
2013,"160305",1,192,6667.8,28.7951048321785
2013,"160401",0,3515,12181.1,288.561788344238
2013,"160401",1,470,12181.1,38.5843643020745
2013,"160402",0,583,12964,44.970688059241
2013,"160402",1,111,12964,8.56217216908362
2013,"160403",0,3203,12535.7,255.510262689758
2013,"160403",1,1037,12535.7,82.7237409957162
2013,"160404",0,393,14330.5,27.4240256794948
2013,"160404",1,48,14330.5,3.34949931963295
2013,"160501",0,58,18163.5,3.19321716629504
2013,"160501",1,6,18163.5,0.330332810306384
2013,"160502",0,137,3344.4,40.9639995215883
2013,"160502",1,127,3344.4,37.9739265638082
2013,"160503",0,1,1523.1,0.656555708751888
2013,"160504",0,16,5655.3,2.82920446307004
2013,"160504",1,2,5655.3,0.353650557883755
2013,"160506",0,6,3157.6,1.90017734988599
2013,"160506",1,1,3157.6,0.316696224980998
2013,"160507",0,15,1238.3,12.1133812484858
2013,"160507",1,1,1238.3,0.807558749899055
2013,"160508",0,418,1448,288.674033149171
2013,"160508",1,177,1448,122.237569060773
2013,"160509",0,94,1309.5,71.7831233295151
2013,"160509",1,10,1309.5,7.63650248186331
2013,"160510",0,5,5931.7,0.842928671375828
2013,"160511",0,593,4560.8,130.021048938783
2013,"160511",1,44,4560.8,9.64743027539028
2013,"160601",0,10,28475.4,0.35118031704559
2013,"160604",0,1,5285.4,0.189200438945018
2013,"160605",0,4,16269.6,0.245857304420514
2013,"160606",0,1,6030.7,0.165818230056212
2013,"160701",0,77,10222.5,7.53240401076058
2013,"160701",1,2,10222.5,0.195646857422353
2013,"160702",0,2,3023.6,0.661463156502183
2013,"160703",0,17,9762.7,1.74132156063384
2013,"160704",0,299,6780.7,44.0957423274883
2013,"160704",1,2,6780.7,0.294954798177179
2013,"160705",0,1643,9455.8,173.755790097083
2013,"160705",1,840,9455.8,88.8343662090992
2013,"160706",0,1917,8795.5,217.952362003297
2013,"160706",1,199,8795.5,22.6252060712865
2013,"160801",0,143,3954.2,36.1640787011279
2013,"160801",1,13,3954.2,3.28764351828436
2013,"160803",0,1,3589.2,0.278613618633679
2014,"160101",0,3152,195967.8,16.0842750696798
2014,"160101",1,404,195967.8,2.0615631751747
2014,"160102",0,1898,6576.4,288.607748920382
2014,"160102",1,489,6576.4,74.3567909494556
2014,"160103",0,224,4747.3,47.1847155225075
2014,"160103",1,7,4747.3,1.47452236007836
2014,"160104",0,277,3925.2,70.5696525017834
2014,"160104",1,19,3925.2,4.84051768062774
2014,"160105",0,151,2814.3,53.6545499769037
2014,"160105",1,6,2814.3,2.13196887325445
2014,"160106",0,1734,3822.4,453.641691084136
2014,"160106",1,235,3822.4,61.4796986186689
2014,"160107",0,2986,8867.7,336.727674594314
2014,"160107",1,243,8867.7,27.4028214756927
2014,"160108",0,3129,107137.3,29.2055147927006
2014,"160108",1,423,107137.3,3.94820478022127
2014,"160110",0,546,2766.2,197.382691056323
2014,"160110",1,4,2766.2,1.44602704070566
2014,"160112",0,593,29568.2,20.0553297123261
2014,"160112",1,62,29568.2,2.09684728864118
2014,"160113",0,9569,125931.3,75.9858748381062
2014,"160113",1,1124,125931.3,8.92550144404131
2014,"160201",0,547,64385.4,8.49571486703507
2014,"160201",1,22,64385.4,0.341692371251868
2014,"160202",0,54,2311.8,23.3584220088243
2014,"160206",0,402,18001.9,22.3309761747371
2014,"160206",1,90,18001.9,4.99947227792622
2014,"160210",0,4,2241,1.78491744756805
2014,"160211",0,4,5033.5,0.794675672990961
2014,"160301",0,1661,16765.5,99.0725000745579
2014,"160301",1,129,16765.5,7.69437237183502
2014,"160302",0,288,5755,50.0434404865334
2014,"160302",1,31,5755,5.3866203301477
2014,"160303",0,2915,11002.3,264.944602492206
2014,"160303",1,2271,11002.3,206.411386710052
2014,"160304",0,2162,21106.2,102.434355781713
2014,"160304",1,587,21106.2,27.8117330452663
2014,"160305",0,1845,6708.7,275.016023968876
2014,"160305",1,962,6708.7,143.395888920357
2014,"160401",0,1754,12319.6,142.374752427027
2014,"160401",1,107,12319.6,8.68534692684827
2014,"160402",0,486,13059.1,37.215428322013
2014,"160402",1,33,13059.1,2.52697352803792
2014,"160403",0,2414,12684.1,190.317011061092
2014,"160403",1,217,12684.1,17.1080328915729
2014,"160404",0,227,14474.1,15.6831858284798
2014,"160404",1,13,14474.1,0.898156016608977
2014,"160501",0,108,18318,5.8958401572224
2014,"160501",1,5,18318,0.272955562834371
2014,"160502",0,334,3370.1,99.106851428741
2014,"160502",1,107,3370.1,31.7497997092074
2014,"160503",0,5,1537.2,3.25266718709342
2014,"160503",1,1,1537.2,0.650533437418683
2014,"160504",0,23,5719.2,4.02154147433207
2014,"160505",0,11,5738.4,1.91691063711139
2014,"160506",0,3,3178.1,0.943960227809068
2014,"160506",1,1,3178.1,0.314653409269689
2014,"160507",0,15,1248.4,12.0153796859981
2014,"160508",0,282,1462.4,192.833698030635
2014,"160508",1,24,1462.4,16.4113785557987
2014,"160509",0,66,1337.3,49.3531743064383
2014,"160509",1,6,1337.3,4.48665220967621
2014,"160510",0,11,5980.2,1.83940336443597
2014,"160510",1,1,5980.2,0.167218487675997
2014,"160511",0,504,4659.1,108.175398682149
2014,"160511",1,80,4659.1,17.1706982035157
2014,"160601",0,9,28767.9,0.312848695942352
2014,"160603",0,1,5379.1,0.18590470524809
2014,"160604",0,4,5311.2,0.753125470703419
2014,"160605",0,1,16437.6,0.0608361317953959
2014,"160606",0,1,6094.5,0.164082369349413
2014,"160701",0,135,10299.1,13.1079414706139
2014,"160701",1,2,10299.1,0.194191725490577
2014,"160702",0,3,3050.9,0.983316398439805
2014,"160703",0,167,9847.3,16.9589633706701
2014,"160703",1,3,9847.3,0.304652036598865
2014,"160704",0,777,6829.5,113.771139907753
2014,"160704",1,54,6829.5,7.90687458818362
2014,"160705",0,2859,9579.8,298.440468485772
2014,"160705",1,846,9579.8,88.3108206851918
2014,"160706",0,5302,8914.7,594.748000493567
2014,"160706",1,1726,8914.7,193.612796841172
2014,"160801",0,1067,3980.8,268.036575562701
2014,"160801",1,41,3980.8,10.2994372990354
2014,"160803",0,7,3665.2,1.90985485103132
2015,"160101",0,1735,197757.5,8.77337142712666
2015,"160101",1,237,197757.5,1.19843748024727
2015,"160102",0,1903,6693.8,284.29292778392
2015,"160102",1,459,6693.8,68.5709163703726
2015,"160103",0,170,4763.3,35.6895429639116
2015,"160103",1,9,4763.3,1.88944639220708
2015,"160104",0,209,3964.3,52.7205307368262
2015,"160104",1,8,3964.3,2.01801074590722
2015,"160105",0,151,2841.5,53.1409466830899
2015,"160105",1,7,2841.5,2.46348759458033
2015,"160106",0,1507,3875.9,388.812920869992
2015,"160106",1,178,3875.9,45.9248174617508
2015,"160107",0,3161,8904.3,354.997023909796
2015,"160107",1,1188,8904.3,133.418685354267
2015,"160108",0,1511,108114,13.9759883086372
2015,"160108",1,358,108114,3.31131953308545
2015,"160110",0,1157,2816.7,410.76436965243
2015,"160110",1,22,2816.7,7.81055845492953
2015,"160112",0,576,29834.5,19.3065075667432
2015,"160112",1,42,29834.5,1.40776617674169
2015,"160113",0,7217,127094.3,56.7846079643226
2015,"160113",1,800,127094.3,6.29453877947319
2015,"160201",0,243,64516.5,3.76647834274953
2015,"160201",1,2,64516.5,0.0309998217510249
2015,"160202",0,456,2311.2,197.30010384216
2015,"160202",1,1,2311.2,0.432675666320526
2015,"160205",0,15,6443.4,2.32796349753236
2015,"160205",1,3,6443.4,0.465592699506472
2015,"160206",0,218,18031.6,12.0898866434482
2015,"160206",1,110,18031.6,6.10040151733623
2015,"160210",0,2,2265.2,0.88292424509977
2015,"160210",1,1,2265.2,0.441462122549885
2015,"160211",0,6,5030.3,1.19277180287458
2015,"160301",0,3117,16894.3,184.500097666077
2015,"160301",1,180,16894.3,10.6544810971748
2015,"160302",0,87,5833.9,14.9128370386877
2015,"160302",1,52,5833.9,8.91341983921562
2015,"160303",0,3067,11175.7,274.434711024813
2015,"160303",1,1712,11175.7,153.189509381963
2015,"160304",0,2664,21277.4,125.203267316495
2015,"160304",1,1109,21277.4,52.1210298250726
2015,"160305",0,1635,6773.2,241.392547097384
2015,"160305",1,373,6773.2,55.069981692553
2015,"160401",0,3805,12715.7,299.236377077157
2015,"160401",1,557,12715.7,43.8041161713472
2015,"160402",0,778,12956.9,60.0452268675378
2015,"160402",1,68,12956.9,5.24816892929636
2015,"160403",0,2188,12855.5,170.199525494924
2015,"160403",1,656,12855.5,51.0287425615495
2015,"160404",0,328,14335.2,22.8807411127853
2015,"160404",1,41,14335.2,2.86009263909816
2015,"160501",0,94,16823.9,5.58728951075553
2015,"160501",1,1,16823.9,0.0594392501144206
2015,"160502",0,165,3052.7,54.0505126609231
2015,"160502",1,110,3052.7,36.0336751072821
2015,"160503",0,2,1429.8,1.39879703455029
2015,"160503",1,2,1429.8,1.39879703455029
2015,"160504",0,2,5250.4,0.380923358220326
2015,"160505",0,5,5270.7,0.948640598023033
2015,"160506",0,7,2974.5,2.3533366952429
2015,"160507",0,39,1137.4,34.2887286794443
2015,"160508",0,234,4150.2,56.3828249241
2015,"160508",1,20,4150.2,4.8190448653077
2015,"160509",0,23,1230.5,18.6915887850467
2015,"160510",0,23,5487,4.19172589757609
2015,"160510",1,1,5487,0.182248952068526
2015,"160511",0,609,5675.2,107.308993515647
2015,"160511",1,47,5675.2,8.2816464617987
2015,"160601",0,5,27797.6,0.179871643595131
2015,"160602",0,1,1025.7,0.974943940723408
2015,"160604",0,1,5191.4,0.192626266517702
2015,"160605",0,1,18855.1,0.0530360486022349
2015,"160606",0,1,5871.3,0.170320031338886
2015,"160701",0,313,11494.3,27.2308883533578
2015,"160701",1,7,11494.3,0.608997503110237
2015,"160702",0,296,3012.4,98.2605231708936
2015,"160702",1,3,3012.4,0.995883680786084
2015,"160703",0,362,9702.5,37.3099716567895
2015,"160704",0,377,6724.9,56.060313164508
2015,"160704",1,44,6724.9,6.54284822079139
2015,"160705",0,1850,9422.6,196.336467641628
2015,"160705",1,482,9422.6,51.15360940717
2015,"160706",0,4151,8761,473.80436023285
2015,"160706",1,3638,8761,415.249400753339
2015,"160801",0,1029,4136.3,248.773058047047
2015,"160801",1,75,4136.3,18.1321470879772
2015,"160802",0,1,2177.6,0.459221160911095
2015,"160803",0,193,3694.1,52.245472510219
2015,"160803",1,2,3694.1,0.541403860209523
2016,"160101",0,1601,198547.7,8.06355349369446
2016,"160101",1,777,198547.7,3.91341727957564
2016,"160102",0,1232,6680.4,184.420094605113
2016,"160102",1,339,6680.4,50.7454643434525
2016,"160103",0,98,4770.6,20.5424894143294
2016,"160103",1,7,4770.6,1.4673206724521
2016,"160104",0,58,3957.1,14.6571984534129
2016,"160104",1,45,3957.1,11.3719643173031
2016,"160105",0,25,2827.4,8.84204569569216
2016,"160105",1,6,2827.4,2.12209096696612
2016,"160106",0,722,3897.9,185.227943251494
2016,"160106",1,333,3897.9,85.4306164858
2016,"160107",0,3407,8978.7,379.453595732122
2016,"160107",1,1063,8978.7,118.391303863588
2016,"160108",0,1252,108551.4,11.5337066127199
2016,"160108",1,301,108551.4,2.77287994443185
2016,"160110",0,1291,2808.2,459.725090805498
2016,"160110",1,256,2808.2,91.161598176768
2016,"160112",0,404,29958.5,13.4853213612164
2016,"160112",1,79,29958.5,2.63698115726755
2016,"160113",0,5677,127599,44.4909442863972
2016,"160113",1,1245,127599,9.7571297580702
2016,"160201",0,317,64148,4.94169732493608
2016,"160201",1,7,64148,0.109122653862942
2016,"160202",0,779,2283.5,341.142982264068
2016,"160202",1,14,2283.5,6.13093934749288
2016,"160205",0,92,7698.7,11.9500694922519
2016,"160205",1,3,7698.7,0.389676179095172
2016,"160206",0,144,18053.6,7.97624850445341
2016,"160206",1,38,18053.6,2.10484335534187
2016,"160210",0,5,2226.4,2.24577793747754
2016,"160211",0,68,5244.1,12.966953338037
2016,"160301",0,1061,16252.4,65.282665944722
2016,"160301",1,61,16252.4,3.75329182151559
2016,"160302",0,75,5572.7,13.4584671703124
2016,"160302",1,20,5572.7,3.58892457874998
2016,"160303",0,4461,10995.3,405.718807126681
2016,"160303",1,1675,10995.3,152.337817067292
2016,"160304",0,2571,20805.4,123.573687600335
2016,"160304",1,1037,20805.4,49.8428292654792
2016,"160305",0,1718,9085.8,189.086266481763
2016,"160305",1,1044,9085.8,114.904576371921
2016,"160401",0,1192,13583.6,87.7528784710975
2016,"160401",1,104,13583.6,7.65629141022998
2016,"160402",0,162,12638.1,12.8183825100292
2016,"160402",1,8,12638.1,0.633006543705146
2016,"160403",0,671,13083.6,51.2855788926595
2016,"160403",1,232,13083.6,17.7321226573726
2016,"160404",0,111,14033.1,7.90987023537208
2016,"160404",1,6,14033.1,0.427560553263356
2016,"160501",0,31,14915.8,2.07833304281366
2016,"160501",1,7,14915.8,0.469301009667601
2016,"160502",0,37,2525.9,14.6482441901896
2016,"160502",1,5,2525.9,1.97949245813373
2016,"160503",0,5,1295.3,3.86010962711341
2016,"160504",0,3,4770.7,0.628838535225439
2016,"160505",0,2,4639.6,0.431071644107251
2016,"160506",0,5,2638.2,1.89523159730119
2016,"160506",1,1,2638.2,0.379046319460238
2016,"160507",0,15,1023.2,14.659890539484
2016,"160507",1,4,1023.2,3.90930414386239
2016,"160508",0,289,7552.5,38.2654750082754
2016,"160508",1,43,7552.5,5.69347898047004
2016,"160509",0,7,1135.6,6.16414230362804
2016,"160509",1,4,1135.6,3.52236703064459
2016,"160510",0,8,4879.5,1.63951224510708
2016,"160510",1,5,4879.5,1.02469515319193
2016,"160511",0,259,7557.8,34.269231787028
2016,"160511",1,32,7557.8,4.23403635978724
2016,"160601",0,1,26673.6,0.0374902525343411
2016,"160604",0,1,5039.3,0.19844025955986
2016,"160605",0,2,21217.6,0.0942613679209713
2016,"160701",0,326,12918.5,25.2351279173279
2016,"160701",1,52,12918.5,4.02523512791733
2016,"160702",0,573,2846.5,201.299841911119
2016,"160703",0,229,10675.6,21.4507849675896
2016,"160703",1,1,10675.6,0.0936715500768107
2016,"160704",0,252,6360.7,39.6182810068074
2016,"160704",1,61,6360.7,9.59013945006053
2016,"160705",0,1635,8900.5,183.697545081737
2016,"160705",1,2004,8900.5,225.155890118533
2016,"160706",0,5916,8311.8,711.759185735942
2016,"160706",1,4181,8311.8,503.019803171395
2016,"160801",0,203,5343,37.9936365337825
2016,"160801",1,67,5343,12.5397716638593
2016,"160802",0,65,2187.4,29.7156441437323
2016,"160802",1,64,2187.4,29.2584803876749
2016,"160803",0,118,3798.6,31.0640762386142
2016,"160803",1,6,3798.6,1.57952930026852
2016,"160804",0,79,5209.1,15.1657675990094
2016,"160804",1,31,5209.1,5.951123994548
2017,"160101",0,1297,200457.2,6.47020910199284
2017,"160101",1,342,200457.2,1.7060998557298
2017,"160102",0,1699,6732.1,252.372959403455
2017,"160102",1,500,6732.1,74.2710298420998
2017,"160103",0,97,4821.1,20.1198896517392
2017,"160103",1,4,4821.1,0.829686171205741
2017,"160104",0,123,3999.1,30.7569203070691
2017,"160104",1,11,3999.1,2.75061888925008
2017,"160105",0,49,2872.3,17.0594993559169
2017,"160105",1,6,2872.3,2.08891828847962
2017,"160106",0,1000,3905.9,256.022939655393
2017,"160106",1,349,3905.9,89.3520059397322
2017,"160107",0,3456,9128.9,378.577922860367
2017,"160107",1,687,9128.9,75.2555072352638
2017,"160108",0,1507,109576.3,13.7529739551345
2017,"160108",1,236,109576.3,2.15375040040593
2017,"160110",0,2228,2835.1,785.862932524426
2017,"160110",1,604,2835.1,213.043631617932
2017,"160112",0,403,30240.5,13.3264992311635
2017,"160112",1,44,30240.5,1.45500239744713
2017,"160113",0,2985,128826.9,23.1706266315498
2017,"160113",1,365,128826.9,2.83325920285282
2017,"160201",0,157,64748.4,2.4247703418154
2017,"160202",0,1708,2308.7,739.810282843159
2017,"160202",1,7,2308.7,3.03200935591458
2017,"160205",0,64,7791.8,8.21376318694012
2017,"160205",1,2,7791.8,0.256680099591879
2017,"160206",0,182,18230.3,9.98337931904577
2017,"160206",1,38,18230.3,2.08444183584472
2017,"160210",0,9,2254.5,3.99201596806387
2017,"160210",1,1,2254.5,0.443557329784875
2017,"160211",0,29,5287.8,5.48432240251144
2017,"160301",0,408,16487.6,24.745869623232
2017,"160301",1,24,16487.6,1.45563938960188
2017,"160302",0,54,5649.4,9.55853718979007
2017,"160302",1,5,5649.4,0.885049739795377
2017,"160303",0,3389,11050.2,306.691281605763
2017,"160303",1,596,11050.2,53.9356753723914
2017,"160304",0,2697,20957,128.692083790619
2017,"160304",1,601,20957,28.6777687646133
2017,"160305",0,1697,9168.3,185.094292289737
2017,"160305",1,830,9168.3,90.5293238659294
2017,"160401",0,1103,13689.3,80.5738788688976
2017,"160401",1,147,13689.3,10.7383138655738
2017,"160402",0,76,12766.9,5.95289381134026
2017,"160402",1,21,12766.9,1.64487855313349
2017,"160403",0,1273,13278.5,95.8692623413789
2017,"160403",1,530,13278.5,39.9141469292465
2017,"160404",0,79,14160.4,5.57893844806644
2017,"160404",1,10,14160.4,0.706194740261574
2017,"160501",0,26,15069.7,1.72531636329854
2017,"160501",1,5,15069.7,0.331791608326642
2017,"160502",0,3,2602.8,1.15260488704472
2017,"160503",0,1,1303.7,0.76704763365805
2017,"160504",0,5,4759.5,1.05053051791155
2017,"160504",1,1,4759.5,0.210106103582309
2017,"160505",0,1,4713.3,0.21216557401396
2017,"160506",0,2,2658.2,0.752388834549695
2017,"160507",0,12,1032.6,11.6211504938989
2017,"160507",1,1,1032.6,0.968429207824908
2017,"160508",0,198,7644.4,25.901313379729
2017,"160508",1,109,7644.4,14.2588038302548
2017,"160510",0,5,4930.8,1.01403423379573
2017,"160511",0,440,7552.8,58.256540620697
2017,"160511",1,176,7552.8,23.3026162482788
2017,"160601",0,1,26941.7,0.0371171826573676
2017,"160602",0,1,992.1,1.00796290696502
2017,"160604",0,1,5065.3,0.197421672951257
2017,"160605",0,1,21428.6,0.0466666044445274
2017,"160606",0,2,5753,0.347644707109334
2017,"160701",0,298,13050.6,22.8341991939068
2017,"160701",1,61,13050.6,4.67411460009501
2017,"160702",0,97,2880.5,33.674709251866
2017,"160702",1,4,2880.5,1.38864780420066
2017,"160703",0,228,10777,21.15616590888
2017,"160703",1,70,10777,6.49531409483159
2017,"160704",0,761,6413.7,118.652260005925
2017,"160704",1,288,6413.7,44.9038776369334
2017,"160705",0,2817,8975.6,313.850884620527
2017,"160705",1,2344,8975.6,261.152457774411
2017,"160706",0,6965,8395.3,829.630864888688
2017,"160706",1,3784,8395.3,450.72838373852
2017,"160801",0,235,5399.7,43.5209363483157
2017,"160801",1,71,5399.7,13.148878641406
2017,"160802",0,56,2190.6,25.5637724824249
2017,"160802",1,3,2190.6,1.36948781155848
2017,"160803",0,77,3818.9,20.1628741260572
2017,"160803",1,217,3818.9,56.8226452643431
2017,"160804",0,74,5282.6,14.0082535115284
2017,"160804",1,6,5282.6,1.13580433877257
2018,"160101",0,1269,169299.5,7.49559213110494
2018,"160101",1,435,169299.5,2.56941101420855
2018,"160102",0,1495,5385.7,277.586943201441
2018,"160102",1,488,5385.7,90.610319921273
2018,"160103",0,47,8390.9,5.60130617692977
2018,"160104",0,39,10988.2,3.54926193553084
2018,"160104",1,7,10988.2,0.637047014069638
2018,"160105",0,23,3353.5,6.85850603846727
2018,"160105",1,6,3353.5,1.78917548829581
2018,"160106",0,1055,15057,70.0670784352793
2018,"160106",1,305,15057,20.2563591684931
2018,"160107",0,1841,7327.3,251.252166555211
2018,"160107",1,307,7327.3,41.8981070790059
2018,"160108",0,1625,97605,16.6487372573126
2018,"160108",1,337,97605,3.4526919727473
2018,"160110",0,1652,2280.4,724.434309770216
2018,"160110",1,603,2280.4,264.427293457288
2018,"160112",0,335,28766.1,11.6456523477288
2018,"160112",1,20,28766.1,0.695262826730075
2018,"160113",0,4586,114807,39.9452995026436
2018,"160113",1,606,114807,5.27842378949019
2018,"160201",0,162,72423.6,2.23683992510729
2018,"160201",1,13,72423.6,0.17949950016293
2018,"160202",0,1531,2426.5,630.949927879662
2018,"160202",1,22,2426.5,9.06655676900886
2018,"160205",0,7,8433.4,0.830032964166291
2018,"160206",0,497,19430.5,25.5783433262139
2018,"160206",1,36,19430.5,1.8527572630658
2018,"160210",0,8,2862.2,2.79505275662078
2018,"160211",0,11,5769.2,1.90667683560979
2018,"160301",0,189,16548.8,11.4207676689549
2018,"160301",1,20,16548.8,1.20854684327565
2018,"160302",0,16,1713.8,9.33597852724939
2018,"160302",1,5,1713.8,2.91749328976543
2018,"160303",0,2830,9856.8,287.111435760084
2018,"160303",1,800,9856.8,81.1622433244055
2018,"160304",0,2719,23523.8,115.585067038489
2018,"160304",1,748,23523.8,31.7975837237181
2018,"160305",0,1333,8438.9,157.958975695885
2018,"160305",1,735,8438.9,87.0966595172357
2018,"160401",0,513,12403.2,41.3602941176471
2018,"160401",1,94,12403.2,7.57868937048504
2018,"160402",0,50,9545.7,5.23796054768115
2018,"160402",1,3,9545.7,0.314277632860869
2018,"160403",0,1201,12429.8,96.6226327052728
2018,"160403",1,303,12429.8,24.3769006741862
2018,"160404",0,23,11381.6,2.02080551064877
2018,"160404",1,3,11381.6,0.263583327475926
2018,"160501",0,24,13280.1,1.80721530711365
2018,"160501",1,3,13280.1,0.225901913389206
2018,"160502",0,8,1272.1,6.28881377250216
2018,"160502",1,1,1272.1,0.78610172156277
2018,"160503",0,2,1129.7,1.77038151721696
2018,"160504",0,12,3806.8,3.15225386151098
2018,"160504",1,2,3806.8,0.525375643585163
2018,"160505",0,2,2937.8,0.680781537204711
2018,"160506",0,3,522.3,5.74382538770821
2018,"160507",0,16,4163.3,3.84310522902505
2018,"160508",0,273,5798.8,47.0787059391598
2018,"160508",1,19,5798.8,3.27653997378768
2018,"160509",0,1,894.7,1.11769308147983
2018,"160509",1,2,894.7,2.23538616295965
2018,"160510",0,5,4369.9,1.1441909425845
2018,"160511",0,594,6612.9,89.8244340606995
2018,"160511",1,65,6612.9,9.82927308745029
2018,"160603",0,3,4442,0.675371454299865
2018,"160604",0,2,3532.7,0.566139213632632
2018,"160604",1,1,3532.7,0.283069606816316
2018,"160605",0,2,17868.7,0.111927560482856
2018,"160606",0,5,5510.7,0.907325748090079
2018,"160701",0,167,13492.4,12.3773383534434
2018,"160701",1,8,13492.4,0.592926388188906
2018,"160702",0,74,2575.1,28.7367480874529
2018,"160702",1,6,2575.1,2.33000660168537
2018,"160703",0,214,11147.8,19.1966127845853
2018,"160703",1,79,11147.8,7.08660004664598
2018,"160704",0,648,5559.1,116.565631127341
2018,"160704",1,271,5559.1,48.7488982029465
2018,"160705",0,2170,6167.4,351.850050264293
2018,"160705",1,612,6167.4,99.231442747349
2018,"160706",0,4880,7582.5,643.587207385427
2018,"160706",1,2401,7582.5,316.650181338609
2018,"160801",0,61,4782.5,12.7548353371668
2018,"160801",1,9,4782.5,1.88186095138526
2018,"160802",0,6,1808.1,3.31840053094409
2018,"160802",1,3,1808.1,1.65920026547204
2018,"160803",0,166,1701.8,97.5437771771066
2018,"160803",1,38,1701.8,22.3292983899401
2018,"160804",0,74,3799.7,19.4752217280312
2018,"160804",1,2,3799.7,0.526357344000842
2019,"160101",0,622,150253.6,4.13966786819085
2019,"160101",1,99,150253.6,0.658886043329411
2019,"160102",0,580,4775.5,121.453250968485
2019,"160102",1,147,4775.5,30.7821170558057
2019,"160103",0,35,13013.9,2.68943206878799
2019,"160103",1,1,13013.9,0.0768409162510854
2019,"160104",0,53,15086.2,3.51314446315175
2019,"160104",1,1,15086.2,0.066285744587769
2019,"160105",0,11,4053,2.71403898346904
2019,"160105",1,1,4053,0.246730816679003
2019,"160106",0,562,21398.8,26.2631549432678
2019,"160106",1,56,21398.8,2.61696917584164
2019,"160107",0,526,6549.3,80.3139266791871
2019,"160107",1,70,6549.3,10.6881651474203
2019,"160108",0,494,92267.8,5.35398047856349
2019,"160108",1,82,92267.8,0.888717407372886
2019,"160110",0,67,1958.9,34.2028689570677
2019,"160110",1,56,1958.9,28.5874725611312
2019,"160112",0,102,31086.1,3.28120928646566
2019,"160112",1,6,31086.1,0.193012310968568
2019,"160113",0,1516,114624.4,13.2258053259166
2019,"160113",1,62,114624.4,0.54089705158762
2019,"160201",0,79,76899.3,1.0273175438528
2019,"160201",1,2,76899.3,0.0260080390848811
2019,"160202",0,640,2128,300.751879699248
2019,"160206",0,122,16240.1,7.51226901312184
2019,"160206",1,22,16240.1,1.35467146138263
2019,"160210",0,1,4712.9,0.212183581234484
2019,"160211",0,4,6416.6,0.623383100084157
2019,"160301",0,247,16222.4,15.2258605385146
2019,"160301",1,15,16222.4,0.924647401124371
2019,"160302",0,21,2090.3,10.0464048222743
2019,"160302",1,4,2090.3,1.91360091852844
2019,"160303",0,1697,9435.7,179.848871837807
2019,"160303",1,267,9435.7,28.2967877316998
2019,"160304",0,1618,22001.2,73.5414431940076
2019,"160304",1,356,22001.2,16.1809355853317
2019,"160305",0,587,10890.6,53.8996933134997
2019,"160305",1,257,10890.6,23.5983325069326
2019,"160401",0,517,12590.5,41.0627060084985
2019,"160401",1,76,12590.5,6.03629720821254
2019,"160402",0,63,9342.9,6.74308833445718
2019,"160402",1,3,9342.9,0.321099444497961
2019,"160403",0,764,13082.5,58.3986241161857
2019,"160403",1,57,13082.5,4.35696541180967
2019,"160404",0,33,11167.5,2.95500335795836
2019,"160404",1,1,11167.5,0.0895455563017685
2019,"160501",0,6,11254.8,0.533105874826741
2019,"160501",1,2,11254.8,0.17770195827558
2019,"160502",0,48,1094.4,43.859649122807
2019,"160503",0,1,1199.2,0.833889259506338
2019,"160503",1,1,1199.2,0.833889259506338
2019,"160504",0,9,4833.4,1.86204328216163
2019,"160507",0,4,3991.7,1.00207931457775
2019,"160507",1,3,3991.7,0.751559485933312
2019,"160508",0,136,4924.3,27.6181386186869
2019,"160508",1,2,4924.3,0.406149097333631
2019,"160510",0,1,3701.5,0.270160745643658
2019,"160511",0,503,5569.2,90.3181785534727
2019,"160511",1,5,5569.2,0.897795015442074
2019,"160601",0,1,20814.1,0.0480443545481188
2019,"160605",0,3,20278.3,0.14794139548187
2019,"160701",0,144,12877.3,11.1824683745816
2019,"160701",1,24,12877.3,1.86374472909694
2019,"160702",0,191,2451.6,77.9083047805515
2019,"160702",1,61,2451.6,24.8817099037363
2019,"160703",0,364,10693.2,34.0403246923278
2019,"160703",1,8,10693.2,0.748139004226985
2019,"160704",0,268,5520.1,48.5498451115016
2019,"160704",1,83,5520.1,15.0359594934874
2019,"160705",0,1121,6157.8,182.045535743285
2019,"160705",1,207,6157.8,33.6159017831044
2019,"160706",0,3863,9075,425.674931129477
2019,"160706",1,1858,9075,204.738292011019
2019,"160801",0,99,4027.5,24.5810055865922
2019,"160802",0,1,1486.5,0.67272115708039
2019,"160803",0,208,1747.6,119.020370794232
2019,"160803",1,8,1747.6,4.57770656900893
2019,"160804",0,188,3421.6,54.9450549450549
2019,"160804",1,4,3421.6,1.16904372223521
2020,"160101",0,188,145333.4,1.29357738826725
2020,"160101",1,19,145333.4,0.130733884984456
2020,"160102",0,262,2770.6,94.5643542914892
2020,"160102",1,12,2770.6,4.33119179961019
2020,"160103",0,6,10903.6,0.550276972742947
2020,"160104",0,7,13685.6,0.511486525983516
2020,"160104",1,2,13685.6,0.146139007423862
2020,"160105",0,12,6773,1.77174073527241
2020,"160105",1,3,6773,0.442935183818101
2020,"160106",0,267,18707,14.2727321323569
2020,"160106",1,219,18707,11.706847704068
2020,"160107",0,388,10974.4,35.3550080186616
2020,"160107",1,77,10974.4,7.01632891091996
2020,"160108",0,214,89616.5,2.38795311131321
2020,"160108",1,18,89616.5,0.200855869175877
2020,"160110",0,30,4556,6.58472344161545
2020,"160110",1,8,4556,1.75592625109745
2020,"160112",0,27,28937.9,0.933032459162552
2020,"160112",1,3,28937.9,0.103670273240283
2020,"160113",0,387,127341,3.03908403420736
2020,"160113",1,38,127341,0.298411352196072
2020,"160201",0,132,72995.7,1.80832569589716
2020,"160201",1,3,72995.7,0.0410983112703899
2020,"160202",0,274,15035.1,18.224022454124
2020,"160206",0,34,12495.1,2.72106665812999
2020,"160206",1,1,12495.1,0.0800313722979408
2020,"160210",0,23,3711.6,6.19678844703093
2020,"160211",0,3,5178.4,0.579329522632473
2020,"160301",0,164,18976.1,8.64245024003879
2020,"160301",1,3,18976.1,0.158093601951929
2020,"160302",0,25,3726.2,6.70924802748108
2020,"160303",0,1123,8917.7,125.9293315541
2020,"160303",1,93,8917.7,10.4286979826637
2020,"160304",0,954,17525.7,54.4343449904997
2020,"160304",1,275,17525.7,15.691242004599
2020,"160305",0,354,11204.2,31.5952946216597
2020,"160305",1,259,11204.2,23.1163313757341
2020,"160401",0,169,13360.6,12.6491325239884
2020,"160401",1,6,13360.6,0.449081628070596
2020,"160403",0,299,8671.5,34.4807703396183
2020,"160403",1,3,8671.5,0.345960906417575
2020,"160404",0,10,15246.2,0.65590114257979
2020,"160404",1,3,15246.2,0.196770342773937
2020,"160501",0,10,13605.7,0.734986072013935
2020,"160502",0,58,981.1,59.1173172969116
2020,"160504",0,1,4633.4,0.215824232744853
2020,"160506",0,2,3031.3,0.659782931415564
2020,"160508",0,61,1903.1,32.0529662130209
2020,"160509",0,13,613.7,21.1829884308294
2020,"160509",1,1,613.7,1.62946064852534
2020,"160511",0,469,4102.7,114.31496331684
2020,"160511",1,2,4102.7,0.487483852097399
2020,"160601",0,1,21168.4,0.0472402259972412
2020,"160701",0,82,12497,6.56157477794671
2020,"160701",1,2,12497,0.160038409218212
2020,"160702",0,20,5770.9,3.46566393456827
2020,"160702",1,9,5770.9,1.55954877055572
2020,"160703",0,290,11027.8,26.2971762273527
2020,"160704",0,435,5464.2,79.609091907324
2020,"160704",1,167,5464.2,30.5625709161451
2020,"160705",0,830,5399.6,153.715090006667
2020,"160705",1,445,5399.6,82.4135121120083
2020,"160706",0,2526,7012.6,360.208767076405
2020,"160706",1,1342,7012.6,191.369820038217
2020,"160801",0,53,3280.8,16.1545964398927
2020,"160802",0,1,1025.3,0.975324295328197
2020,"160803",0,116,3439.4,33.7268128161889
2020,"160804",0,63,2421.5,26.0169316539335
2020,"160804",1,1,2421.5,0.412967169110056
2018,"160103",1,NA,8390.9,NA
2020,"160103",1,NA,10903.6,NA
2011,"160110",0,NA,2515.2,NA
2012,"160110",1,NA,1449.7,NA
2017,"160201",1,NA,64748.4,NA
2011,"160202",1,NA,2402.9,NA
2012,"160202",1,NA,1792.5,NA
2013,"160202",1,NA,2285.3,NA
2014,"160202",1,NA,2311.8,NA
2019,"160202",1,NA,2128,NA
2020,"160202",1,NA,15035.1,NA
2011,"160205",1,NA,5245.5,NA
2012,"160205",1,NA,4681,NA
2013,"160205",1,NA,5465.9,NA
2014,"160205",0,NA,5540.5,NA
2014,"160205",1,NA,5540.5,NA
2018,"160205",1,NA,8433.4,NA
2019,"160205",0,NA,6029.8,NA
2019,"160205",1,NA,6029.8,NA
2020,"160205",0,NA,4966,NA
2020,"160205",1,NA,4966,NA
2011,"160206",1,NA,13134.9,NA
2012,"160206",1,NA,12945.1,NA
2013,"160206",1,NA,17830.5,NA
2010,"160210",1,NA,2213.1,NA
2011,"160210",0,NA,2225.7,NA
2011,"160210",1,NA,2225.7,NA
2013,"160210",1,NA,2210.8,NA
2014,"160210",1,NA,2241,NA
2016,"160210",1,NA,2226.4,NA
2018,"160210",1,NA,2862.2,NA
2019,"160210",1,NA,4712.9,NA
2020,"160210",1,NA,3711.6,NA
2012,"160211",1,NA,4140.7,NA
2013,"160211",1,NA,4988.2,NA
2014,"160211",1,NA,5033.5,NA
2015,"160211",1,NA,5030.3,NA
2016,"160211",1,NA,5244.1,NA
2017,"160211",1,NA,5287.8,NA
2018,"160211",1,NA,5769.2,NA
2019,"160211",1,NA,6416.6,NA
2020,"160211",1,NA,5178.4,NA
2010,"160301",1,NA,18767.1,NA
2010,"160302",1,NA,6394.1,NA
2020,"160302",1,NA,3726.2,NA
2011,"160305",1,NA,6443.8,NA
2020,"160402",0,NA,8888.3,NA
2020,"160402",1,NA,8888.3,NA
2010,"160404",1,NA,15041,NA
2020,"160501",1,NA,13605.7,NA
2011,"160502",1,NA,3651.1,NA
2017,"160502",1,NA,2602.8,NA
2019,"160502",1,NA,1094.4,NA
2020,"160502",1,NA,981.1,NA
2010,"160503",0,NA,1517.6,NA
2010,"160503",1,NA,1517.6,NA
2011,"160503",1,NA,1397.5,NA
2012,"160503",1,NA,1659.6,NA
2013,"160503",1,NA,1523.1,NA
2016,"160503",1,NA,1295.3,NA
2017,"160503",1,NA,1303.7,NA
2018,"160503",1,NA,1129.7,NA
2020,"160503",0,NA,1927.8,NA
2020,"160503",1,NA,1927.8,NA
2014,"160504",1,NA,5719.2,NA
2015,"160504",1,NA,5250.4,NA
2016,"160504",1,NA,4770.7,NA
2019,"160504",1,NA,4833.4,NA
2020,"160504",1,NA,4633.4,NA
2012,"160505",1,NA,4650.5,NA
2013,"160505",0,NA,5682.7,NA
2013,"160505",1,NA,5682.7,NA
2014,"160505",1,NA,5738.4,NA
2015,"160505",1,NA,5270.7,NA
2016,"160505",1,NA,4639.6,NA
2017,"160505",1,NA,4713.3,NA
2018,"160505",1,NA,2937.8,NA
2019,"160505",0,NA,6986.4,NA
2019,"160505",1,NA,6986.4,NA
2020,"160505",0,NA,7163.9,NA
2020,"160505",1,NA,7163.9,NA
2010,"160506",1,NA,2719.7,NA
2011,"160506",0,NA,2407.9,NA
2011,"160506",1,NA,2407.9,NA
2012,"160506",1,NA,1172.8,NA
2015,"160506",1,NA,2974.5,NA
2017,"160506",1,NA,2658.2,NA
2018,"160506",1,NA,522.3,NA
2019,"160506",0,NA,2407.2,NA
2019,"160506",1,NA,2407.2,NA
2020,"160506",1,NA,3031.3,NA
2010,"160507",1,NA,1490.2,NA
2011,"160507",1,NA,1362.5,NA
2012,"160507",1,NA,807.7,NA
2014,"160507",1,NA,1248.4,NA
2015,"160507",1,NA,1137.4,NA
2018,"160507",1,NA,4163.3,NA
2020,"160507",0,NA,4317.4,NA
2020,"160507",1,NA,4317.4,NA
2020,"160508",1,NA,1903.1,NA
2011,"160509",1,NA,1165.1,NA
2015,"160509",1,NA,1230.5,NA
2017,"160509",0,NA,1137.2,NA
2017,"160509",1,NA,1137.2,NA
2019,"160509",0,NA,693.6,NA
2019,"160509",1,NA,693.6,NA
2010,"160510",1,NA,6411.9,NA
2012,"160510",0,NA,5959.4,NA
2013,"160510",1,NA,5931.7,NA
2017,"160510",1,NA,4930.8,NA
2018,"160510",1,NA,4369.9,NA
2019,"160510",1,NA,3701.5,NA
2020,"160510",0,NA,4665.2,NA
2020,"160510",1,NA,4665.2,NA
2011,"160601",1,NA,27542.9,NA
2012,"160601",1,NA,30255.9,NA
2013,"160601",1,NA,28475.4,NA
2014,"160601",1,NA,28767.9,NA
2015,"160601",1,NA,27797.6,NA
2016,"160601",1,NA,26673.6,NA
2017,"160601",1,NA,26941.7,NA
2018,"160601",0,NA,22453.2,NA
2018,"160601",1,NA,22453.2,NA
2019,"160601",1,NA,20814.1,NA
2020,"160601",1,NA,21168.4,NA
2010,"160602",0,NA,1102.1,NA
2010,"160602",1,NA,1102.1,NA
2011,"160602",0,NA,991.8,NA
2011,"160602",1,NA,991.8,NA
2012,"160602",0,NA,1020.5,NA
2012,"160602",1,NA,1020.5,NA
2013,"160602",0,NA,1052,NA
2013,"160602",1,NA,1052,NA
2014,"160602",0,NA,1061.5,NA
2014,"160602",1,NA,1061.5,NA
2015,"160602",1,NA,1025.7,NA
2016,"160602",0,NA,984.5,NA
2016,"160602",1,NA,984.5,NA
2017,"160602",1,NA,992.1,NA
2018,"160602",0,NA,831.6,NA
2018,"160602",1,NA,831.6,NA
2019,"160602",0,NA,762.1,NA
2019,"160602",1,NA,762.1,NA
2020,"160602",0,NA,370.8,NA
2020,"160602",1,NA,370.8,NA
2010,"160603",1,NA,4115.6,NA
2011,"160603",0,NA,5348.5,NA
2011,"160603",1,NA,5348.5,NA
2012,"160603",0,NA,5299.7,NA
2012,"160603",1,NA,5299.7,NA
2013,"160603",0,NA,5328.2,NA
2013,"160603",1,NA,5328.2,NA
2014,"160603",1,NA,5379.1,NA
2015,"160603",0,NA,5179.2,NA
2015,"160603",1,NA,5179.2,NA
2016,"160603",0,NA,4956.2,NA
2016,"160603",1,NA,4956.2,NA
2017,"160603",0,NA,5010.7,NA
2017,"160603",1,NA,5010.7,NA
2018,"160603",1,NA,4442,NA
2019,"160603",0,NA,4133.3,NA
2019,"160603",1,NA,4133.3,NA
2020,"160603",0,NA,5331.1,NA
2020,"160603",1,NA,5331.1,NA
2010,"160604",0,NA,5411.3,NA
2010,"160604",1,NA,5411.3,NA
2011,"160604",1,NA,5172.4,NA
2012,"160604",1,NA,3944.3,NA
2013,"160604",1,NA,5285.4,NA
2014,"160604",1,NA,5311.2,NA
2015,"160604",1,NA,5191.4,NA
2016,"160604",1,NA,5039.3,NA
2017,"160604",1,NA,5065.3,NA
2019,"160604",0,NA,3309.2,NA
2019,"160604",1,NA,3309.2,NA
2020,"160604",0,NA,6778.8,NA
2020,"160604",1,NA,6778.8,NA
2010,"160605",1,NA,14665.3,NA
2013,"160605",1,NA,16269.6,NA
2014,"160605",1,NA,16437.6,NA
2015,"160605",1,NA,18855.1,NA
2016,"160605",1,NA,21217.6,NA
2017,"160605",1,NA,21428.6,NA
2018,"160605",1,NA,17868.7,NA
2019,"160605",1,NA,20278.3,NA
2020,"160605",0,NA,14752.4,NA
2020,"160605",1,NA,14752.4,NA
2010,"160606",1,NA,6757.8,NA
2011,"160606",1,NA,6048.4,NA
2012,"160606",1,NA,6497.8,NA
2013,"160606",1,NA,6030.7,NA
2014,"160606",1,NA,6094.5,NA
2015,"160606",1,NA,5871.3,NA
2016,"160606",0,NA,5693.6,NA
2016,"160606",1,NA,5693.6,NA
2017,"160606",1,NA,5753,NA
2018,"160606",1,NA,5510.7,NA
2019,"160606",0,NA,5149.3,NA
2019,"160606",1,NA,5149.3,NA
2020,"160606",0,NA,5631.9,NA
2020,"160606",1,NA,5631.9,NA
2011,"160701",1,NA,10100.5,NA
2011,"160702",1,NA,3106,NA
2012,"160702",1,NA,2139.5,NA
2013,"160702",1,NA,3023.6,NA
2014,"160702",1,NA,3050.9,NA
2016,"160702",1,NA,2846.5,NA
2010,"160703",1,NA,11301.9,NA
2011,"160703",1,NA,9633,NA
2012,"160703",1,NA,14492.7,NA
2013,"160703",1,NA,9762.7,NA
2015,"160703",1,NA,9702.5,NA
2020,"160703",1,NA,11027.8,NA
2010,"160704",1,NA,7396.2,NA
2011,"160704",1,NA,6199.9,NA
2019,"160801",1,NA,4027.5,NA
2020,"160801",1,NA,3280.8,NA
2010,"160802",0,NA,2044.1,NA
2010,"160802",1,NA,2044.1,NA
2011,"160802",0,NA,1954,NA
2011,"160802",1,NA,1954,NA
2012,"160802",0,NA,888,NA
2012,"160802",1,NA,888,NA
2013,"160802",0,NA,2107.2,NA
2013,"160802",1,NA,2107.2,NA
2014,"160802",0,NA,2137,NA
2014,"160802",1,NA,2137,NA
2015,"160802",1,NA,2177.6,NA
2019,"160802",1,NA,1486.5,NA
2020,"160802",1,NA,1025.3,NA
2011,"160803",1,NA,3429.2,NA
2012,"160803",0,NA,2199.8,NA
2012,"160803",1,NA,2199.8,NA
2013,"160803",1,NA,3589.2,NA
2014,"160803",1,NA,3665.2,NA
2020,"160803",1,NA,3439.4,NA
2010,"160804",0,NA,5174.1,NA
2010,"160804",1,NA,5174.1,NA
2011,"160804",0,NA,4478.9,NA
2011,"160804",1,NA,4478.9,NA
2012,"160804",0,NA,1981.6,NA
2012,"160804",1,NA,1981.6,NA
2013,"160804",0,NA,5053.5,NA
2013,"160804",1,NA,5053.5,NA
2014,"160804",0,NA,5116.3,NA
2014,"160804",1,NA,5116.3,NA
2015,"160804",0,NA,5155.5,NA
2015,"160804",1,NA,5155.5,NA
