"ubigeo","c3_p1_1","c3_p1_2","c3_p1_3","c3_p1_4","c3_p1_5","c3_p1_6","c3_p1_7","c3_p1_8","c3_p2_1","c3_p2_2","c3_p2_3","c3_p2_4","c3_p2_5","c3_p2_6","c3_p2_7","c3_p2_8","c3_p2_9","c3_p2_10","c3_p2_11","c3_p2_12","c3_p2_13","c3_p2_14","c3_p2_15","c3_p2_16","c4_p1","c2_p11","c2_p12","c2_p13","t_c4_p1","c2_p1_1","c2_p1_2","c2_p1_3","c2_p1_4","c2_p1_5","c2_p1_6","c2_p1_7","c2_p3_1","c2_p3_2","c2_p3_3","c2_p3_4","c2_p3_5","c2_p3_6","c2_p3_7","c2_p3_8","c2_p3_9","c2_p4_1","c2_p4_2","c2_p4_3","c2_p4_4","c2_p4_5","c2_p4_6","c2_p4_7","c2_p4_8","c2_p5_1","c2_p5_2","c2_p5_3","c2_p5_4","c2_p5_5","c2_p5_6","c2_p6_1","c2_p6_2","c2_p6_3","c2_p6_4","c2_p6_5","c2_p6_6","c2_p6_7","c2_p6_8","c2_p6_10","c2_p10_1","c2_p10_2","c2_p10_3","c2_p10_4","c2_p10_5","c2_p10_6","c2_p10_7","c2_p10_8","c5_p8_1","c5_p8_2","c5_p8_3","c5_p8_4","c5_p8_5","c5_p8_6","c5_p12","c5_p15","c5_p16","c5_p23","c5_p11_recat","c5_p13_niv_recat","c5_p11_recat_1","c5_p11_recat_2","c5_p11_recat_3","c5_p11_recat_4","c5_p13_niv_recat_1","c5_p13_niv_recat_3","c5_p13_niv_recat_4","c5_p13_niv_recat_6"
"160101",0.0423689755069792,0.846161443244667,0,0.167566499868317,0.0912891756649987,0,0.00171187779826179,0.039570713721359,0.39797866736897,0.0858243350013243,0.129411377403219,0.272089807742958,0.515406900184362,0.716651303660774,0.232387411114043,0.196833026073214,0.537068738477758,0.109527258361865,0.706182512509883,0.3918554121675,0.650974453515948,0.940248880695287,0.440314722149055,0.972083223597583,4.09494337634975,0.02663753919876,3.24604488918644,2.59085303548149,4.38279130404143,0.942778619498961,0.00891441457312991,0.0393220816743596,0.00412247630456996,0.00285402205700997,0.000246643881469998,0.00176174201049998,0.837426447271062,0.00186744653112998,0.00264261301574997,0.000105704520629999,0,0.000422818082519996,0.142102110566929,0.0154328600119798,0,0.123392410415419,0.0326626968746697,0.00570804411401994,0.823367746027272,0.00225502977343998,0.00563757443359994,0.00697649836157993,0,0.00303019625805997,0.00902011909375991,0.253408970790317,0.0625066065325394,0.587188612099644,0.0848454952256791,0.890490116627321,0.0404848314012896,0.00792783904724992,0.00419294598498996,0.0401324829991896,0.000281878721679997,0.0101476339804799,0.00341777950036997,0.00292449173742997,0.854621049293541,0.0647968711461894,0.00672985448010993,0.0189915788731898,0.0129311863570699,0.0232549945385998,0.0166308445791198,0.00204362073217998,0.405333201054448,0.346445477479524,0.0318532271322871,0.0273037784517721,0.0110122168995716,0.186144731993533,0.0744564755236866,0.119382710550931,0.591024815638528,0.177196804647785,1.42899458601442,4.24408288216786,0.85476487428782,0.00326681595283313,0.000177159216531081,0.141791150542816,0.0729541653674991,0.209933671589331,0.380672638113325,0.336439524929845
"160102",0,0.0882352941176471,0,0.00154798761609907,0.905572755417957,0,0,0.00619195046439629,0.886996904024768,0.715170278637771,0.874613003095975,0.908668730650155,0.998452012383901,0.990712074303406,0.93343653250774,0.922600619195047,0.976780185758514,0.687306501547988,0.987616099071208,0.936532507739938,0.993808049535604,1,1,0.687306501547988,4.3359133126935,0.277070063694267,1.85031847133758,2.24203821656051,4.46019108280255,0.996815286624204,0,0,0,0.00318471337579618,0,0,0.00636942675159236,0,0.00636942675159236,0,0,0.00318471337579618,0.96656050955414,0.017515923566879,0,0.00159235668789809,0.00796178343949045,0,0.778662420382166,0,0.00955414012738853,0.202229299363057,0,0,0,0,0.501592356687898,0.17515923566879,0.323248407643312,0.00159235668789809,0,0.103503184713376,0,0.0270700636942675,0,0.867834394904459,0,0,0.00159235668789809,0.00477707006369427,0.0159235668789809,0.178343949044586,0.398089171974522,0.0477707006369427,0.348726114649682,0.00477707006369427,0.906510219530658,0.0355791067373204,0.00264950794852386,0.000757002271006797,0,0.0548826646479936,0.194171082513248,0.019755409219191,0.7336,0.0124688279301746,1.06018168054504,3.07153671461014,0.978425435276306,0.00227100681302044,0,0.0193035579106737,0.158213474640424,0.529523088569266,0.27441332323997,0.0378501135503407
"160103",0.00410872313527181,0.157711757269279,0,0.187420986093552,0.777812895069532,0,0.000316055625790139,0.00948166877370417,0.876422250316057,0.672566371681419,0.800884955752209,0.881795195954491,0.983881163084703,0.990202275600505,0.8590391908976,0.829013906447539,0.966498103666244,0.592920353982298,0.964285714285714,0.791719342604293,0.989886219974715,0.996523388116308,0.949431099873577,0.764222503160556,4.13811630847029,0.569696969696969,1.90271132376395,2.30653907496012,4.17639553429028,0.998724082934609,0.000318979266347687,0,0,0.000956937799043062,0,0,0.0634768740031898,0.000956937799043062,0.00574162679425837,0.000956937799043062,0,0.00414673046251994,0.89792663476874,0.0267942583732057,0,0.00701754385964912,0.0127591706539075,0.00542264752791069,0.644338118022329,0.000318979266347687,0.00574162679425837,0.324401913875598,0,0,0,0.00542264752791069,0.533014354066986,0.188197767145136,0.273365231259968,0.303030303030303,0.0178628389154705,0.0768740031897927,0,0.14066985645933,0.00542264752791069,0.452950558213716,0.00287081339712919,0.000318979266347687,0.124401913875598,0.0264752791068581,0.0373205741626794,0.15311004784689,0.189792663476874,0.0676236044657097,0.376714513556619,0.0245614035087719,0.806476484194296,0.0774865073245937,0.00346954510408643,0.00146491904394752,0.000539707016191206,0.111796453353893,0.161526599845797,0.0118078175895765,0.700178658437551,0.0090845562543676,1.0905165767155,3.18257517347726,0.969159599074788,0.00100231303006939,0,0.0298380878951426,0.144101773323053,0.494448727833462,0.306784888203547,0.0546646106399383
"160104",0.00314889788573999,0.142600089968511,0,0.0638776428250113,0.906432748538012,0,0.000449842555105713,0.00899685110211426,0.890688259109312,0.699055330634276,0.825011246063878,0.896986054880789,0.9842555105713,0.990103463787674,0.890238416554204,0.854700854700854,0.977507872244714,0.600089968511026,0.954565901934323,0.880791722896985,0.986054880791723,0.997300944669366,0.961313540260908,0.701754385964912,4.39676113360324,0.431399631675874,1.91068139963168,2.24953959484346,4.5,0.993554327808471,0,0.00276243093922652,0,0.00138121546961326,0.000460405156537753,0.00184162062615101,0.0515653775322284,0.000460405156537753,0.00828729281767956,0,0,0.00276243093922652,0.916666666666667,0.0202578268876611,0,0.00230202578268877,0.0133517495395948,0.00506445672191529,0.678637200736648,0.000460405156537753,0.00276243093922652,0.297421731123389,0,0,0,0.00230202578268877,0.675414364640884,0.18646408839779,0.135819521178637,0.348526703499079,0.0308471454880295,0.127992633517495,0.00184162062615101,0.035451197053407,0.00736648250460405,0.423112338858195,0.0202578268876611,0.00460405156537753,0.123388581952118,0.0276243093922652,0.0248618784530387,0.277163904235727,0.275322283609576,0.0179558011049724,0.244014732965009,0.00966850828729282,0.862113127001068,0.0504802561366061,0.00256136606189964,0.00149413020277476,0.00149413020277479,0.0828175026680903,0.191675560298826,0.0239455782312925,0.768758526603,0.0279130152547873,1.06051227321238,3.07662753468516,0.97854855923159,0.00181430096051227,0.000213447171824973,0.0194236926360726,0.181856990394877,0.470651013874066,0.301067235859125,0.0464247598719317
"160105",0.00473372781065089,0.112426035502959,0,0.0236686390532544,0.946153846153846,0,0.000591715976331361,0.00828402366863905,0.894674556213017,0.771597633136093,0.853254437869823,0.926035502958581,0.996449704142012,0.995266272189349,0.937278106508875,0.89940828402367,0.984615384615385,0.667455621301779,0.957396449704142,0.968639053254437,0.997041420118343,1,0.994082840236687,0.400591715976331,4.48994082840237,0.544047619047616,1.78869047619047,2.14880952380953,4.51666666666667,0.967857142857143,0,0.00535714285714286,0,0.025,0,0.00178571428571429,0.0357142857142857,0.00178571428571429,0.00238095238095238,0,0.000595238095238095,0.00476190476190476,0.949404761904762,0.00535714285714286,0,0.00119047619047619,0.0273809523809524,0.00297619047619048,0.74702380952381,0,0.00178571428571429,0.219642857142857,0,0,0.000595238095238095,0,0.9125,0.0630952380952381,0.0238095238095238,0.107738095238095,0.00952380952380952,0.00416666666666667,0,0.0166666666666667,0,0.858333333333333,0.00357142857142857,0,0.0345238095238095,0.0113095238095238,0.0136904761904762,0.280952380952381,0.189880952380952,0.0297619047619048,0.43452380952381,0.00535714285714286,0.844355909694555,0.0423638778220455,0.00305444887118186,0.00106241699867191,0.00172642762284192,0.108764940239044,0.211288180610889,0.0191304347826087,0.742723933314496,0.00620525059665873,1.15351925630811,2.98127490039841,0.947675962815405,0.00172642762284197,0,0.050597609561753,0.176228419654714,0.545019920318725,0.251261620185923,0.0274900398406374
"160106",0.00418118466898955,0.0961672473867596,0,0.0390243902439024,0.905226480836237,0,0,0.00905923344947735,0.899303135888502,0.740418118466903,0.861324041811845,0.908362369337981,0.992334494773519,0.99581881533101,0.917770034843207,0.878048780487807,0.985365853658537,0.670383275261328,0.985365853658537,0.902090592334494,0.99581881533101,0.997909407665505,0.961324041811845,0.527874564459935,4.21358885017422,0.61871262750615,1.72951107984524,2.21350685895181,4.253605346465,0.995779106577559,0,0.00140696447414703,0.000703482237073514,0.000703482237073514,0.000703482237073514,0.000703482237073514,0.0334154062609919,0,0.000351741118536757,0.000351741118536757,0,0.0073865634892719,0.952514948997538,0.00597959901512487,0,0.0049243756595146,0.0249736194161097,0.00140696447414703,0.472388322194865,0,0.00316567006683081,0.493141048188533,0,0,0.00105522335561027,0.00457263454097784,0.775237425255012,0.11501934576152,0.10411537108688,0.258529722124516,0.01301442138586,0.0327119240239184,0.00175870559268378,0.075272599366866,0.00140696447414703,0.60851213506859,0.00562785789658811,0.00316567006683081,0.0446711220541681,0.0200492437565951,0.0524094266619768,0.177981005979599,0.128385508265916,0.0661273302849103,0.50545198733732,0.0049243756595146,0.899441340782123,0.0208388755874786,0.00203954952558315,0.00106411279595635,0.00195087345925341,0.0764387691761991,0.220626053028288,0.0189990732159406,0.654131054131053,0.0145936237090257,1.05435842866011,2.98120067393811,0.972510419437794,0.0140108184800922,8.86760663296976e-05,0.0133900860157843,0.175755963465461,0.546333244657267,0.250509887381396,0.0274009044958766
"160107",0.00773629330642449,0.0746720484359233,0,0.00941809619912546,0.943155062226707,0,0,0.00504540867810293,0.919273461150352,0.81062899428187,0.903128153380425,0.927009754456779,0.985536495122771,0.988563740329633,0.918600739993274,0.891691893710054,0.969727547931382,0.808947191389172,0.990918264379415,0.956945845946854,0.998654557685839,0.997645475950219,0.980491086444669,0.414396232761521,4.56945845946855,0.602936155684529,1.62307954933424,2.20689655172414,4.63810174120861,0.568794810515534,0,0.00443837487196996,0,0.423352680095596,0.00136565380675999,0.00204848071013998,0.0249231819733698,0.000341413451689997,0.00136565380675999,0,0,0.00443837487196996,0.96312734721748,0.00580402867872994,0,0.00238989416182998,0.0273130761351997,0.000341413451689997,0.293956981905087,0.00102424035506999,0.00477978832365995,0.670194605667463,0,0,0.000341413451689997,0.00204848071013998,0.898941618299761,0.0734038921133493,0.0252645954250597,0.0891089108910891,0.0184363263912598,0.00102424035506999,0,0.180266302492318,0,0.708091498805053,0.00307272106520997,0,0.0426766814612496,0.0218504609081598,0.0273130761351997,0.129737111642199,0.0754523728234892,0.103106862410379,0.596449300102424,0.00341413451689997,0.804140012937536,0.0624595701861573,0.00388126212894325,0.00330626033206339,0.00165313016603172,0.126500395313736,0.221160066125206,0.0179194418014587,0.74733150350717,0.00562622309197654,1.53317041615751,3.00093437791993,0.821102565945519,0.00172500539064185,7.18752246100769e-05,0.17710055343923,0.178106806583771,0.557032990728096,0.218716308488464,0.0461438941996694
"160108",0.0265703367566277,0.681991879627418,0,0.229878194411273,0.255970862192501,0,0.000417960353475042,0.0258538332935276,0.507941246716024,0.191366133269648,0.285944590398873,0.476833054693103,0.741879627418198,0.859207069500836,0.414915213756866,0.380582756149979,0.745223310246002,0.206651540482456,0.85944590398854,0.530690231669459,0.850728445187485,0.971339861475997,0.608251731550046,0.957427752567472,4.30140912347743,0.104025990572054,2.66435214677029,2.39450885463116,4.58911963307427,0.958529749012613,0.00178366670913492,0.0236335838960377,0.00350363103580074,0.0110205121671551,0.00044591667728373,0.00108294050197477,0.487705440183463,0.00165626194419671,0.00159255956172761,0.000191107147407313,0.000191107147407313,0.000955535737036565,0.473627213657791,0.0340807746209708,0,0.0691807873614473,0.0528729774493566,0.00356733341826984,0.842272901006498,0.00197477385654223,0.00904573831061282,0.0210854885972735,0,0.0028666072111097,0.00522359536246656,0.106765193018219,0.368263473053892,0.395273283220792,0.12160784813352,0.548095298764174,0.0702637278634221,0.0892470378392152,0.0644031086762645,0.126067014906357,0.000764428589629252,0.0429991081666454,0.0320422983819595,0.0261179768123328,0.497961523760989,0.0968276213530386,0.0328704293540578,0.173015670786087,0.0734488469868773,0.052490763154542,0.0613453943177475,0.0120397502866607,0.579373390314997,0.224478532816345,0.0255709959527933,0.0132454079755474,0.00730195567882744,0.155095802790591,0.120411513316164,0.284933262951512,0.662692336281871,0.269983104937113,1.06008547250447,3.71484164944952,0.977386579118671,0.00375003537769224,0.000254719384145133,0.0186086661194917,0.114779384711177,0.310050094812215,0.390555571278974,0.184614949197634
"160110",0,0.0714285714285714,0,0.00833333333333333,0.983333333333333,0,0,0.00119047619047619,0.913095238095238,0.888095238095238,0.90952380952381,0.944047619047619,0.995238095238095,0.996428571428571,0.951190476190476,0.95,0.977380952380952,0.842857142857143,0.995238095238095,0.96547619047619,1,1,0.998809523809524,0.158333333333333,4.775,0.757467144563919,1.35244922341696,2.14695340501792,4.7921146953405,0.996415770609319,0,0,0,0.001194743130227,0,0.002389486260454,0.013142174432497,0,0,0,0,0.001194743130227,0.982078853046595,0.003584229390681,0,0.001194743130227,0.002389486260454,0.004778972520908,0.38231780167264,0,0.001194743130227,0.608124253285544,0,0,0,0.001194743130227,0.927120669056153,0.0537634408602151,0.017921146953405,0.0812425328554361,0.00716845878136201,0.003584229390681,0,0.114695340501792,0.00716845878136201,0.777777777777778,0.00716845878136201,0.001194743130227,0.015531660692951,0.004778972520908,0.02389486260454,0.031063321385902,0.102747909199522,0.0525686977299881,0.757467144563919,0.01194743130227,0.899405223687613,0.0367209723299719,0.00827514869407818,0.000258598396689929,0.00258598396689942,0.0548228600982674,0.268166537367469,0.0253164556962025,0.526698350573106,0.0092753623188407,3.29971554176364,2.86216705456426,0.232738557020946,0.00103439358675976,0,0.766227049392294,0.239462115334885,0.52288595810706,0.185932247220067,0.0517196793379881
"160112",0.0225399732337818,0.623934634077622,0,0.239135028527154,0.292244840459252,0,0.000281749665422272,0.0280340917095161,0.549270972740723,0.209058251743349,0.341410157075451,0.522716066774656,0.764175530041545,0.878213707121218,0.44939071634854,0.398112277241661,0.763612030710701,0.223286609847151,0.866661970838916,0.588645488483469,0.863914911601041,0.976473902937239,0.668521518630709,0.903923364091006,4.41839825315207,0.114947649810636,2.56731269027997,2.3958565382045,4.65790450731417,0.969183931090815,0.00178213410559145,0.0179698522313804,0.000742555877329769,0.00846513700155937,0.000742555877329769,0.00111383381599465,0.456300586619143,0.00215341204425633,0.00259894557065419,0.000222766763198931,0,0.00118808940372763,0.499665849855202,0.0378703497438182,0,0.0549491349224029,0.0472265537981733,0.0028959679215861,0.85483032598203,0.00155936734239252,0.00646023613276899,0.032078413900646,0,0.00133660057919358,0.00304447909705205,0.0938590628944828,0.324422662805376,0.40558402019752,0.171753174426376,0.724808791861588,0.0600727704759783,0.0328952253657088,0.0302220242073216,0.0196034751615059,0,0.0780426227073587,0.0340833147694364,0.0202717754511027,0.508873542734091,0.0944531075963466,0.0264349892329398,0.159278235687235,0.0470037870349744,0.077151555654563,0.0780426227073587,0.00876215935249127,0.601077678542004,0.193438354810007,0.0162146129255509,0.0102000461391436,0.00616287117292275,0.176185611178858,0.119417987674254,0.328055199256933,0.638057760981869,0.285107078633317,1.02687605048941,3.66095969416339,0.988679431829417,0.00347691395049929,0.000131826121345945,0.00771182809873776,0.114622812510299,0.323880301881818,0.397142668819827,0.164354216788057
"160113",0.0231369902631833,0.677560332915582,0,0.222404318904849,0.270027957196568,0,0.000385616504386388,0.026318326424371,0.556058999325182,0.230534400205655,0.283910151354419,0.51052411709891,0.757864969954095,0.877598894565995,0.452199620810416,0.421768051672587,0.762588772132738,0.193258138114985,0.896108486776554,0.580577782062419,0.798579645875559,0.970532472123134,0.627622995597598,0.975931103184553,4.0284070824898,0.112794220461448,2.44731497819368,2.3805639711023,4.17351932616445,0.966341512135033,0.00103206045876752,0.0149815227885608,0.00149815227885608,0.0124180177780737,0.0025302127376236,0.00119852182308486,0.492559177015015,0.0018976595532177,0.00409494956220661,0.000432799547225089,9.98768185904052e-05,0.000865599094450178,0.400639211638979,0.0994107267703166,0,0.0531011752172321,0.0287645237540367,0.00359556546925459,0.874920930851949,0.00129839864167527,0.0134500782368412,0.0248693278290109,0,0.000898891367313646,0.00346239637780071,0.083230682158671,0.0815660685154976,0.501647967506742,0.329193994073975,0.605653027932217,0.0459433365515864,0.0520358224856011,0.0950161467523388,0.15108033425442,0.00119852182308486,0.021540100542664,0.0203415787195792,0.00719113093850917,0.45180943503013,0.0994440190431801,0.0713120484735493,0.147717814695209,0.100409494956221,0.0638545793521324,0.0476412424676233,0.0178113659819556,0.58495547688919,0.214307936801572,0.0171533798044176,0.0112169650289684,0.00637365779007305,0.170440690507623,0.119897079721175,0.301629388872258,0.662743463298685,0.355780624678603,1.03640888948684,3.69635154338375,0.984965567112599,0.00426311939256855,0.000168170390239391,0.0106031431045936,0.117937894674885,0.307297754084438,0.396032860494253,0.178731490746424
"160201",0.0209941491715424,0.604503662913614,0,0.108068243276464,0.465460445449629,0,0.000393333005555829,0.0289591425340479,0.70549191209006,0.330301391415477,0.345838045134945,0.638576134519895,0.82457347952211,0.924135896553417,0.555828703476112,0.542307881410081,0.81331432223807,0.260976449186304,0.928364226363137,0.563400363833005,0.890850090958247,0.980775849353459,0.702394414671334,0.964747529377057,4.00152416539653,0.137595301875151,2.50458479291153,2.315577992994,4.19261281681435,0.944312796208531,0.00273026993612199,0.031011745312178,0.00654234494127344,0.0122604574490006,0.00185452297547909,0.00128786317741603,0.477282093550381,0.00216361013805893,0.0144755821141562,0.00206058108386565,0.00185452297547909,0.00180300844838244,0.469348856377498,0.031011745312178,0,0.0703173294869153,0.0345662476818463,0.00231815371934886,0.806872037914692,0.0023696682464455,0.00535751081805069,0.0781990521327014,0,0.00118483412322275,0.00339995878837832,0.0702658149598187,0.0529054193282506,0.444312796208531,0.427931176591799,0.639140737688028,0.0414176797856996,0.0117968267051308,0.0097362456212652,0.21610344117041,0.00103029054193283,0.0737688028023903,0.00520296723676077,0.00180300844838244,0.470018545229755,0.0690809808365959,0.044508551411498,0.0780960230785081,0.212291366165259,0.0380177209973212,0.081856583556563,0.00613022872450031,0.705732876448618,0.161321372194201,0.00465868401801907,0.00521053914962972,0.00302878630372577,0.122447670016299,0.141557258178368,0.0294137978708697,0.661297314872519,0.0508153328322608,1.06517024089118,3.46280111397734,0.975166519077504,0.00462018249720864,8.9836881890168e-05,0.0201234615433976,0.137861112180598,0.399799792091788,0.324246974422156,0.138092121305458
"160202",0,0.0483321987746766,0,0.00476514635806671,0.970388019060585,0,0.000340367597004765,0.00272294077603812,0.964942137508509,0.92988427501702,0.932947583390062,0.978897208985704,0.996596324029952,0.998298162014976,0.973110959836623,0.97787610619469,0.980258679373724,0.761402314499657,0.997957794417971,0.985364193328795,0.999659632402995,0.998978897208986,0.993533015656909,0.889380530973451,4.64499659632403,0.859979459089351,1.77713111947963,2.26189661074974,4.67203012666895,0.397808969530983,0,0,0,0.601163984936666,0,0.00102704553235193,0.0174597740499829,0,0.0369736391646696,0.00102704553235193,0.00445053064019172,0.00376583361862376,0.927079767203013,0.00924340979116741,0,0.00102704553235193,0.0136939404313591,0.0130092434097912,0.203012666894899,0.00136939404313591,0.00445053064019172,0.763437179048271,0,0,0,0,0.271824717562479,0.0701814447107155,0.657993837726806,0.046901745977405,0.00445053064019172,0.00102704553235193,0,0.241013351591921,0.00136939404313591,0.704553235193427,0.000684697021567956,0,0.00171174255391989,0.00239643957548785,0.00684697021567956,0.0595686408764122,0.0760013693940431,0.0325231085244779,0.818212940773708,0.00273878808627182,0.923145448655654,0.0292355037252992,8.09847748623255e-05,0.00129575639779729,0.000323939099449301,0.0465662455458366,0.337787495950761,0.018155410312273,0.863696632193052,0.00762112139357654,3.39164237123421,2.6859410430839,0.202623906705539,0.000161969549724652,0.000161969549724652,0.797052154195011,0.293002915451895,0.49789439585358,0.177680596047943,0.0314220926465824
"160205",0,0.063625450180072,0,0.00600240096038415,0.936374549819928,0,0,0.0180072028811525,0.90516206482593,0.767106842737096,0.888355342136855,0.911164465786315,0.99639855942377,0.995198079231693,0.894357743097239,0.849939975990397,0.94717887154862,0.606242496998797,0.993997599039616,0.936374549819928,0.998799519807923,0.998799519807923,0.938775510204082,0.881152460984394,4.64105642256903,0.780755176613884,2.16565164433617,2.10962241169306,4.7088915956151,0.658952496954933,0,0,0,0.33373934226553,0,0.00730816077953715,0.0219244823386114,0.00365408038976857,0.0316686967113276,0.00609013398294762,0.138855054811206,0.0450669914738124,0.747868453105968,0.0048721071863581,0,0,0.0158343483556638,0,0.163215590742996,0.00730816077953715,0.00852618757612668,0.805115712545676,0,0,0,0,0.0864799025578563,0.197320341047503,0.716199756394641,0,0,0,0,0.562728380024361,0.151035322777101,0.285018270401949,0.00121802679658952,0,0.00365408038976857,0,0.0121802679658952,0.108404384896468,0.500609013398295,0.00121802679658952,0.349573690621194,0.0243605359317905,0.900281690140845,0.0526760563380281,0,0.00140845070422535,0.000845070422535202,0.0453521126760563,0.269014084507043,0.0193075898801598,0.787266143633072,0.0121495327102804,1.47605633802817,2.88619718309859,0.84112676056338,0.00028169014084507,0,0.158591549295775,0.220845070422535,0.534647887323944,0.202816901408451,0.0416901408450704
"160206",0.0064540622627183,0.225512528473804,0,0.0136674259681093,0.907365223993926,0,0.000379650721336371,0.00493545937737282,0.843963553530752,0.582384206529996,0.746013667425971,0.83599088838269,0.984813971146545,0.985952923310554,0.857251328777526,0.805998481397112,0.944950645406227,0.498861047835993,0.961655277145026,0.775626423690209,0.974183750949127,0.994684889901291,0.88154897494305,0.784358390280941,4.45975702353834,0.377916018662521,2.05326594090203,2.12869362363919,4.56726283048211,0.996500777604977,0,0.000777604976671851,0,0.00116640746500778,0.0015552099533437,0,0.0999222395023328,0,0.00272161741835148,0,0.00116640746500778,0.000777604976671851,0.884136858475894,0.0112752721617418,0,0.0046656298600311,0.0486003110419907,0.00388802488335925,0.657076205287714,0,0.00349922239502333,0.282270606531882,0,0.00116640746500778,0,0.00272161741835148,0.321150855365474,0.152021772939347,0.52293934681182,0.0785381026438569,0.00427682737169518,0.0384914463452566,0.000777604976671851,0.630248833592535,0,0.245334370139969,0.00194401244167963,0.000388802488335925,0.113919129082426,0.0279937791601866,0.00777604976671851,0.10303265940902,0.462286158631415,0.00777604976671851,0.273328149300156,0.00388802488335925,0.826790664401322,0.0564249306983804,0.00178842886524219,0.000804792989358864,0.0020566931950282,0.113744075829384,0.180720736832693,0.011889035667107,0.786516853932585,0.00967117988394575,1.15496736117321,3.15711347581149,0.913261200035769,0.0525798086381114,8.94214432620942e-05,0.0340695698828579,0.155950997049092,0.517392470714477,0.255477063399803,0.071179468836627
"160210",0,0.109447004608295,0,0.00345622119815668,0.967741935483871,0,0,0.00230414746543779,0.928571428571428,0.819124423963134,0.855990783410138,0.932027649769586,0.994239631336405,0.991935483870968,0.932027649769586,0.911290322580645,0.981566820276498,0.554147465437787,0.995391705069124,0.952764976958526,0.918202764976958,0.996543778801843,0.975806451612903,0.505760368663595,4.53917050691244,0.595571095571092,1.98601398601399,2.23193473193473,4.59207459207459,0.893939393939394,0,0,0,0.106060606060606,0,0,0.00116550116550117,0,0.00582750582750583,0.00116550116550117,0.00116550116550117,0.00116550116550117,0.977855477855478,0.0116550116550117,0,0,0.00582750582750583,0.00582750582750583,0.403263403263403,0,0.0034965034965035,0.581585081585082,0,0,0,0,0.664335664335664,0.0687645687645688,0.266899766899767,0.0745920745920746,0.00116550116550117,0,0,0.22027972027972,0,0.702797202797203,0.00116550116550117,0,0.0163170163170163,0.0034965034965035,0.020979020979021,0.137529137529138,0.285547785547786,0.013986013986014,0.51981351981352,0.00233100233100233,0.925369054127939,0.0180426462547839,0.000273373428102789,0.00054674685620557,0.00164024056861676,0.0544013121924549,0.222252597047568,0.00854700854700857,0.702064896755163,0.00413907284768212,1.29223619464188,2.86768726079825,0.901858939311099,0.00109349371241115,0,0.0970475669764899,0.19409513395298,0.595954073264079,0.186987424822307,0.0229633679606342
"160211",0.00143163922691482,0.317108088761632,0,0.0114531138153185,0.914101646385111,0,0.000715819613457409,0.00143163922691482,0.896921975662134,0.687186828919114,0.604867573371513,0.882605583392984,0.991410164638511,0.998568360773085,0.846814602720114,0.904795991410163,0.97780959198282,0.548317823908374,0.979957050823193,0.833929849677879,0.99713672154617,0.995705082319256,0.929133858267717,0.857551896921976,3.93199713672155,0.462039045553141,2.30296456977585,2.06435285610991,3.97180043383948,0.996384671005061,0,0.00216919739696312,0.00144613159797542,0,0,0,0.0195227765726681,0.000723065798987708,0.0101229211858279,0,0.0101229211858279,0.00433839479392625,0.94938539407086,0.00578452639190166,0,0,0.0137382501807664,0.00723065798987708,0.744034707158351,0,0.00144613159797542,0.23355025307303,0,0,0,0,0.263919016630513,0.122198120028923,0.613882863340564,0.221258134490239,0.0144613159797542,0,0,0.40057845263919,0,0.362979031091829,0.000723065798987708,0,0.117136659436009,0.0166305133767173,0.0216919739696312,0.135936370209689,0.28705712219812,0.00433839479392625,0.404193781634129,0.0130151843817787,0.889751552795031,0.0182453416149069,0.000194099378881982,0.000970496894409919,0.00174689440993786,0.0892857142857138,0.190993788819876,0.0294759825327511,0.68476465730801,0.0079641612742658,1.16479037267081,2.95089285714286,0.94429347826087,0.00116459627329193,0,0.0545419254658385,0.174689440993789,0.586762422360248,0.207686335403727,0.030861801242236
"160301",0.00813850251553714,0.327315773897603,0,0.155519384433264,0.668540988458124,0,0.000443918319029299,0.0201242971293282,0.793134063332348,0.482835158330855,0.622817401598093,0.794613791062453,0.953388576501925,0.971737200355134,0.753921278484753,0.695915951464923,0.897158922758208,0.418319029298611,0.962858833974548,0.663213968629788,0.956200059189106,0.990529742527375,0.880437999408104,0.751405741343599,4.36460491269606,0.28545564272783,2.35455642727821,2.35033192516596,4.45021122510561,0.893482196741098,0,0.00588412794206397,0.000301750150875075,0.0983705491852746,0.000603500301750151,0.00135787567893784,0.176674713337357,0.000452625226312613,0.00512975256487628,0.000754375377187689,0.00226312613156307,0.00407362703681352,0.786511768255884,0.024140012070006,0,0.0138805069402535,0.0368135184067592,0.00226312613156307,0.845353047676524,0.000452625226312613,0.00452625226312613,0.0967109233554617,0,0.000301750150875075,0.000905250452625226,0.0212733856366928,0.342788171394086,0.25920337960169,0.375528062764031,0.159625829812915,0.0245926372963186,0.10968617984309,0.0709112854556427,0.304013277006638,0.00135787567893784,0.28183464091732,0.0439046469523235,0.00407362703681352,0.152232951116476,0.038171394085697,0.0719674109837055,0.265389257694629,0.275799637899819,0.0428485214242607,0.126282438141219,0.0273083886541943,0.793728898786007,0.112348250844052,0.00355577903886203,0.00197543279936792,0.00165218015947128,0.0883916385317132,0.161769987788234,0.0341887486416445,0.750095223584977,0.0376136363636362,1.04446519646577,3.34620357732921,0.983083111845413,0.00305294159902306,0.000179584799942533,0.013684361755621,0.141620573234681,0.437037569140148,0.317290424538467,0.104051433086704
"160302",0.00080450522928399,0.133547868061142,0,0.0176991150442478,0.921962992759453,0,0,0.00402252614641995,0.916331456154465,0.78841512469831,0.835880933226066,0.921158487530168,0.995172968624296,0.992759452936444,0.933226065969429,0.918744971842318,0.982300884955752,0.518905872888173,0.98793242156074,0.942880128720836,0.991150442477876,0.998390989541432,0.985518905872888,0.599356395816573,4.6283185840708,0.504051863857374,1.9643435980551,2.04376012965964,4.66207455429498,0.945705024311183,0,0,0,0.053484602917342,0,0.000810372771474878,0.00486223662884927,0.000810372771474878,0,0,0,0.00567260940032415,0.974068071312804,0.0145867098865478,0,0,0.0316045380875203,0.000810372771474878,0.662074554294976,0.00162074554294976,0.00162074554294976,0.30226904376013,0,0,0,0,0.905996758508914,0.0559157212317666,0.0380875202593193,0.0113452188006483,0.000810372771474878,0.139384116693679,0.00162074554294976,0.020259319286872,0,0.754457050243112,0.0721231766612642,0,0.00567260940032415,0,0.0251215559157212,0.13614262560778,0.632090761750405,0.0145867098865478,0.181523500810373,0.00486223662884927,0.860743874493213,0.0558787237793057,0.00581702802749861,0.00123391503613608,0.000881367882954344,0.0772078265468008,0.183148246077913,0.0309068727124847,0.729643527204503,0.0327868852459018,1.04847523356249,3.11457782478406,0.982725189494095,0.00158646218931782,0.000176273576590869,0.0155120747399965,0.163229331923145,0.511722192843293,0.267054468535167,0.0579940066983959
"160303",0.0061898211829436,0.094222833562586,0,0.0061898211829436,0.93191196698762,0,0.000687757909215956,0.00412654745529574,0.914030261348005,0.747592847317742,0.872077028885832,0.909215955983494,0.993810178817057,0.99656121045392,0.914718019257221,0.92365887207703,0.964236588720771,0.795048143053643,0.990371389270977,0.937414030261347,0.997248968363136,0.997248968363136,0.979367262723522,0.61898211829436,4.34869325997249,0.343469246717345,1.84519695922599,2.19903248099517,4.36973047684865,0.988251554941258,0,0.00345542501727713,0,0.0055286800276434,0,0.0027643400138217,0.022805805114029,0,0.0027643400138217,0,0,0.0027643400138217,0.955770559778853,0.0158949550794748,0,0.00345542501727713,0.131997235659986,0.0103662750518314,0.446440912232205,0.00207325501036628,0.00691085003455425,0.39875604699378,0,0,0.000691085003455425,0.00138217000691085,0.751209398756047,0.134070490670352,0.112646855563234,0.243953006219765,0.0815480304077402,0.0656530753282654,0,0.027643400138217,0,0.565307532826538,0.0152038700760194,0.000691085003455425,0.0912232204561161,0.0234968901174845,0.0304077401520387,0.294402211472011,0.213545266067726,0.0483759502418798,0.272287491361437,0.0262612301313061,0.837098692033293,0.0599626295226774,0.00118906064209271,0.000679463224053005,0.00305758450823854,0.100220825547817,0.211992525904536,0.0193621867881548,0.770745942002553,0.0112359550561798,1.20298963818583,3.09325632750127,0.931034482758621,0.00186852386614574,0.00016986580601325,0.0669271275692203,0.170545269237303,0.492271105826397,0.288602004416511,0.0485816205197894
"160304",0.0129183793305931,0.22665883734586,0,0.0328831473869642,0.871403405754551,0,0,0.00528479154433353,0.736347621843805,0.543159130945393,0.713446858485026,0.731650029359952,0.951262477980035,0.979448032883147,0.760422783323545,0.797416324133883,0.950088079859073,0.653552554315913,0.985320023487962,0.836171462125659,0.979448032883147,0.981796829125073,0.951849677040517,0.596594245449206,4.66470933646506,0.205690574985179,2.05809128630706,2.15945465323059,4.70895080023711,0.736218138707765,0,0.003556609365738,0,0.256668642560759,0.002963841138115,0.000592768227622999,0.0699466508595139,0,0.00829875518672199,0.000592768227622999,0.000592768227622999,0.004149377593361,0.873147599288678,0.043272080616479,0,0.003556609365738,0.039122703023118,0.004149377593361,0.572614107883817,0.001185536455246,0.00770598695909899,0.371665678719621,0,0,0,0.004149377593361,0.685240071132187,0.169531713100178,0.141078838174274,0.023117960877297,0.00592768227622999,0.355068168346177,0.00889152341434499,0.25489033787789,0,0.346176644931832,0.00592768227622999,0,0.017190278601067,0.00948429164196799,0.02371072910492,0.281564908120925,0.183165382335507,0.122110254890338,0.357439241256669,0.005334914048607,0.746160913505708,0.121013256332852,0.00118125738285867,0.00459377871111705,0.0018375114844467,0.127969549809686,0.289014306339416,0.0174321153201475,0.762533731004122,0.0159806295399515,1.4490090563066,2.97847486546792,0.834755217220108,0.0233626460165376,0,0.141882136763355,0.246357789736186,0.412915080719254,0.275495471846699,0.0652316576978606
"160305",0.00389408099688474,0.130451713395639,0,0.00467289719626168,0.929906542056075,0,0,0.00233644859813084,0.86993769470405,0.720015576323987,0.838785046728972,0.875,0.992601246105919,0.9898753894081,0.896806853582554,0.919781931464176,0.984034267912773,0.600856697819314,0.993380062305296,0.91861370716511,0.994158878504673,0.996495327102804,0.9898753894081,0.403037383177566,4.42990654205607,0.552816901408453,1.66079812206573,2.04068857589984,4.45070422535211,0.775039123630673,0,0,0,0.224178403755869,0,0.000782472613458529,0.00391236306729264,0,0.0168231611893584,0,0,0.000782472613458529,0.964397496087637,0.0140845070422535,0,0.000391236306729264,0.0140845070422535,0.00312989045383412,0.465962441314554,0.000391236306729264,0.00156494522691706,0.514475743348983,0,0,0,0.000391236306729264,0.92566510172144,0.0590766823161189,0.014866979655712,0.00273865414710485,0.00586854460093897,0.104068857589984,0,0.0367762128325509,0,0.846635367762128,0.00391236306729264,0,0.00352112676056338,0.00352112676056338,0.0215179968701095,0.222613458528951,0.238654147104851,0.041471048513302,0.448356807511737,0.0203442879499218,0.764150943396229,0.0302830188679245,0.000849056603773494,0.00641509433962252,0.00169811320754716,0.197358490566034,0.343584905660386,0.0109431995831161,0.855477855477855,0.0117252931323283,1.33877358490566,2.66867924528303,0.88688679245283,0.000283018867924528,0,0.112830188679245,0.300754716981132,0.482641509433962,0.189811320754717,0.0267924528301887
"160401",0.0104724792985874,0.289819775937652,0,0.0426205552849489,0.801266439357038,0,0.000243546030199708,0.0126643935703848,0.839016074037989,0.540185094982946,0.671456405260599,0.791281052118853,0.941305406721871,0.967608377983439,0.757915245981486,0.769605455431077,0.907452508524113,0.598392596200689,0.971505114466633,0.770336093521674,0.979542133463224,0.99123234291281,0.894301022893324,0.712128592303948,4.42547491475889,0.414465564058259,2.15823253517651,2.29967909158232,4.48555912120464,0.912861021969884,0,0.00345593680572698,0,0.0829424833374475,0,0.000740557886941496,0.177240187607998,0.000493705257960997,0.00222167366082449,0,0,0.00320908417674648,0.811404591458899,0.00543075783757097,0,0.00962725253023945,0.0382621574919773,0.00666502098247346,0.814860528264626,0.000987410515921995,0.00148111577388299,0.128116514440879,0,0,0.00271537891878549,0.0340656627993088,0.572944951863737,0.258454702542582,0.131819303875586,0.117995556652678,0.0407306837817823,0.117501851394717,0.00222167366082449,0.297457417921501,0.000987410515921995,0.350530733152308,0.0597383362132807,0.0128363367069859,0.0589977783263392,0.0380153048629968,0.155023450999753,0.187854850654159,0.238459639595162,0.0155517156257714,0.291532954825969,0.0145643051098494,0.777018703102251,0.104770970993393,0.00845559413148079,0.00145593011535443,0.00156792473961247,0.108410796281778,0.20355022958898,0.0146692499308056,0.718684728770066,0.0159722222222221,1.82657632433638,3.25825960353903,0.720405420539814,0.00593571508567589,0.000335983872774107,0.273322880501736,0.166703998208086,0.446018591107627,0.28508231604883,0.102195094635457
"160402",0.00765765765765766,0.293693693693694,0,0.0184684684684685,0.893693693693694,0,0,0.00585585585585586,0.847747747747748,0.52117117117117,0.610810810810811,0.799549549549549,0.978378378378379,0.97972972972973,0.815315315315314,0.806756756756758,0.949999999999999,0.558108108108105,0.961711711711712,0.88063063063063,0.996396396396396,0.996396396396396,0.964414414414415,0.517117117117113,4.72432432432432,0.356561085972849,2.10723981900453,2.20497737556561,4.74570135746607,0.993665158371041,0,0.00271493212669683,0,0.00316742081447964,0,0.000452488687782805,0.0380090497737557,0,0.00271493212669683,0.000452488687782805,0,0.00180995475113122,0.951131221719457,0.00588235294117647,0,0.00226244343891403,0.0461538461538462,0.00271493212669683,0.785972850678733,0,0.00316742081447964,0.15972850678733,0,0,0.000904977375565611,0.00452488687782805,0.782352941176471,0.121266968325792,0.0909502262443439,0.229864253393665,0.0298642533936652,0.00723981900452489,0,0.112217194570136,0,0.610407239819005,0.0104072398190045,0,0.10814479638009,0.0361990950226244,0.0497737556561086,0.118552036199095,0.286877828054299,0.0506787330316742,0.342533936651584,0.00723981900452489,0.802879937731075,0.0589608873321646,0.00408639813193253,0.00233508464681835,0.00204319906596617,0.132224168126093,0.169390932087956,0.0155075187969923,0.698931424421621,0.0128018620890313,1.14866705584744,3.15469935785172,0.94347149250827,0.0102159953298307,0.000486475968087176,0.045826036193812,0.161120840630473,0.482973341116949,0.295388207822534,0.0605176104300448
"160403",0.00430570505920344,0.264800861141012,0,0.0446716899892357,0.822389666307858,0,0,0.0209903121636168,0.921420882669537,0.697524219590957,0.709364908503767,0.898277717976318,0.98762109795479,0.993541442411195,0.868137782561895,0.883207750269106,0.972012917115178,0.73896663078579,0.994079655543595,0.911733046286329,0.996770721205597,0.998923573735199,0.991388589881593,0.756727664155004,4.40312163616792,0.519774011299437,2.27344632768362,2.20056497175141,4.62203389830508,0.972316384180791,0,0.00903954802259887,0.00282485875706215,0.0107344632768362,0,0.00508474576271186,0.0220338983050847,0.000564971751412429,0.000564971751412429,0,0,0.00451977401129944,0.969491525423729,0.00282485875706215,0,0.00112994350282486,0.0293785310734463,0,0.864971751412429,0.00112994350282486,0.00112994350282486,0.10225988700565,0,0,0.000564971751412429,0.00225988700564972,0.942372881355932,0.0451977401129944,0.0096045197740113,0.107909604519774,0.0903954802259887,0.00282485875706215,0,0.154237288135593,0.00508474576271186,0.427118644067797,0.211299435028249,0.00112994350282486,0.0096045197740113,0.00395480225988701,0.0706214689265537,0.124858757062147,0.551977401129944,0.0209039548022599,0.209039548022599,0.00903954802259887,0.646183953033267,0.0263535551206783,0.0071754729288974,0.00169602087410303,0.00130463144161772,0.318199608610566,0.195433789954339,0.0143983544737743,0.726919878014972,0.00768667642752565,1.1866927592955,3.07253750815394,0.93085453359426,0.0103065883887802,0.000130463144161774,0.0587084148727984,0.176647097195042,0.486236138290933,0.292759295499022,0.0443574690150033
"160404",0.00422654268808115,0.158072696534235,0,0.00929839391377853,0.849535080304311,0,0,0.0164835164835165,0.904902789518174,0.568892645815717,0.784446322907865,0.872358410819947,0.986897717666948,0.99112426035503,0.877852916314456,0.879120879120881,0.967032967032967,0.669484361792051,0.965342349957735,0.870667793744718,0.998309382924768,0.996618765849535,0.975908706677937,0.659340659340661,4.25486052409129,0.292525773195876,1.93341924398626,2.16580756013745,4.32431271477663,0.905927835051546,0,0.00687285223367698,0,0.0854810996563574,0,0.00171821305841924,0.0562714776632302,0.000429553264604811,0.00128865979381443,0,0,0.00472508591065292,0.925687285223368,0.0115979381443299,0,0.00429553264604811,0.0223367697594502,0.000859106529209622,0.742268041237113,0,0.00601374570446735,0.224226804123711,0,0.000429553264604811,0.000429553264604811,0.00644329896907216,0.834192439862543,0.10266323024055,0.0558419243986254,0.185137457044674,0.00859106529209622,0.00300687285223368,0,0.109965635738832,0,0.676975945017182,0.0163230240549828,0,0.0975085910652921,0.0206185567010309,0.0189003436426117,0.141752577319588,0.301116838487972,0.0502577319587629,0.346649484536082,0.0231958762886598,0.679900487198092,0.0451953975329109,0.00134756919249516,0.00165854669845552,0.000621955011920817,0.272727272727271,0.188245050274696,0.0143753267119708,0.631933701657458,0.00398746795784681,1.15227531875194,3.04861615009847,0.940706955530217,0.0124391002384161,0.000725614180574272,0.046128330050793,0.168446149061885,0.52586296257904,0.26578210842749,0.0399087799315849
"160501",0.0192485656116972,0.380529335554322,0,0.165833796039237,0.690727373681288,0,0.000555247084952804,0.0188784008883953,0.746437164538227,0.366648158430496,0.560799555802345,0.724967610586718,0.920784749213403,0.952433833055712,0.68091800851378,0.572829909309651,0.83842309827874,0.347954839903751,0.960947621691653,0.714788080695924,0.944660373866371,0.988709975939292,0.83472145104572,0.829724227281146,4.61502868776606,0.164373088685019,2.34231651376145,2.47878440366972,4.76586391437309,0.985282874617737,0.000191131498470948,0.00860091743119266,0.000573394495412844,0.00191131498470948,0.00229357798165138,0.00114678899082569,0.216551987767584,0.00095565749235474,0.00248470948012232,0.00191131498470948,0.000382262996941896,0.00324923547400612,0.762614678899083,0.0118501529051988,0,0.0133792048929664,0.0336391437308868,0.00764525993883792,0.864105504587156,0.00133792048929664,0.00401376146788991,0.0758792048929664,0,0.000191131498470948,0.000573394495412844,0.0237003058103976,0.247706422018349,0.349579510703364,0.378249235474006,0.263952599388379,0.0122324159021407,0.0112767584097859,0.0315366972477064,0.539373088685015,0,0.0934633027522936,0.0430045871559633,0.0051605504587156,0.227255351681957,0.0560015290519878,0.0571483180428135,0.258409785932722,0.181766055045872,0.0498853211009174,0.127675840978593,0.0418577981651376,0.702619414483822,0.165511042629686,0.00256805341551112,0.0022684471837014,0.00149803115904806,0.127546652970383,0.155324430748159,0.0149890902191444,0.71516365457277,0.046480021745039,1.01673514809108,3.42672487587741,0.993408662900188,0.00141242937853107,0.000214004451292587,0.00496490326998802,0.135550419448725,0.417351480910803,0.321734292073275,0.125363807567197
"160502",0,0.0909090909090909,0,0.00324675324675325,0.964285714285714,0,0,0.0162337662337662,0.970779220779221,0.853896103896104,0.892857142857143,0.951298701298701,0.996753246753247,1,0.977272727272727,0.970779220779221,0.987012987012987,0.850649350649351,0.974025974025974,0.961038961038961,0.996753246753247,1,1,0.613636363636364,4.62662337662338,0.485245901639344,2.21311475409836,2.09508196721311,4.67213114754099,0.99344262295082,0,0.00655737704918033,0,0,0,0,0.00327868852459016,0,0,0,0,0,0.99016393442623,0.00655737704918033,0,0,0.00327868852459016,0,0.586885245901639,0,0,0.40983606557377,0,0,0,0,0.436065573770492,0.131147540983607,0.432786885245902,0.118032786885246,0.0229508196721311,0,0,0.347540983606557,0,0.511475409836066,0,0,0.0655737704918033,0.0327868852459016,0.0950819672131148,0.0819672131147541,0.236065573770492,0.00983606557377049,0.475409836065574,0.00327868852459016,0.773801002147459,0.0443808160343593,0.00286327845382965,0.0007158196134574,0,0.178239083750895,0.191123836793128,0.0135922330097088,0.726016884113584,0.0232558139534883,1.22763063707946,3.1209735146743,0.924123120973515,0,0,0.0758768790264853,0.146027201145311,0.518253400143164,0.297065139584825,0.0386542591267001
"160503",0.00342465753424658,0.0907534246575342,0,0.00856164383561644,0.936643835616438,0,0.00171232876712329,0.0188356164383562,0.933219178082192,0.63527397260274,0.84417808219178,0.909246575342466,0.996575342465753,0.986301369863014,0.88527397260274,0.799657534246575,0.976027397260274,0.56164383561644,0.97945205479452,0.982876712328767,0.998287671232877,0.996575342465753,0.991438356164384,0.660958904109589,4.13698630136986,0.162020905923346,2.04529616724739,2.48606271777003,4.20905923344948,1,0,0,0,0,0,0,0.0104529616724739,0,0.00174216027874564,0,0,0.00522648083623693,0.977351916376307,0.00522648083623693,0,0,0.0452961672473868,0.00348432055749129,0.792682926829268,0,0,0.158536585365854,0,0,0,0.00174216027874564,0.757839721254355,0.155052264808362,0.0853658536585366,0.599303135888502,0,0.0278745644599303,0,0.0365853658536585,0,0.334494773519164,0.00174216027874564,0,0.0261324041811847,0.00174216027874564,0.0435540069686411,0.210801393728223,0.486062717770035,0.00696864111498258,0.20383275261324,0.0209059233449477,0.863255033557047,0.0465604026845637,0.00125838926174496,0,0.00167785234899327,0.0897651006711411,0.169463087248322,0.00863930885529154,0.694222222222222,0.00948991696322659,1.18288590604027,3.19043624161074,0.938758389261745,0.000419463087248322,0,0.0608221476510067,0.139681208053691,0.477768456375839,0.338926174496644,0.0436241610738255
"160504",0,0.0800640512409928,0,0.00240192153722978,0.957566052842274,0,0,0.0104083266613291,0.943955164131305,0.741393114491597,0.89271417133707,0.931144915932747,0.99599679743795,0.99519615692554,0.931945556445155,0.915932746196957,0.986389111289031,0.662129703763008,0.988791032826261,0.932746196957566,0.99919935948759,0.99759807846277,0.972778222578062,0.690152121697358,4.67173738991193,0.421560740144815,1.93081255028158,2.05711987127916,4.69428801287208,1,0,0,0,0,0,0,0.0144810941271118,0,0.00080450522928399,0,0,0.00402252614641995,0.957361222847949,0.0233306516492357,0,0,0.00884955752212389,0.00402252614641995,0.764279967819791,0,0.00080450522928399,0.222043443282381,0,0,0,0,0.738535800482703,0.108608205953339,0.152855993563958,0.0402252614641995,0.0466613032984714,0.00724054706355591,0,0.00724054706355591,0,0.898632341110217,0,0,0.0305711987127916,0.00884955752212389,0.0120675784392599,0.255028157683025,0.349155269509252,0.0281576830249397,0.309734513274336,0.00643604183427192,0.843335103558152,0.0311559568065141,0.0012391573729864,0.000708089927420789,0.00283235970968315,0.123030624889361,0.197911134714109,0.00447427293064874,0.76070956784299,0.00603217158176941,1.12834129934502,3.06443618339529,0.956275446981767,0.00141617985484156,0,0.0423083731633917,0.157195963887414,0.528412108337759,0.282173836077182,0.0322180916976456
"160505",0.000644329896907216,0.116623711340206,0,0.0115979381443299,0.943298969072165,0,0,0.00708762886597938,0.931056701030928,0.775128865979381,0.84020618556701,0.929768041237113,0.997422680412371,0.996134020618557,0.935567010309279,0.93298969072165,0.985824742268041,0.65012886597938,0.989046391752577,0.957474226804124,0.996134020618557,0.99291237113402,0.959407216494845,0.71262886597938,4.67912371134021,0.519838601210489,1.98722259583053,2.05379959650303,4.88365837256221,0.997982515131137,0,0,0,0,0,0.00201748486886348,0.00874243443174176,0,0.00268997982515131,0.000672494956287828,0.000672494956287828,0.00874243443174176,0.973772696704775,0.0047074646940148,0,0,0.0221923335574983,0.0188298587760592,0.603900470746469,0.00134498991257566,0.00336247478143914,0.350369872225958,0,0,0,0,0.61600537995965,0.111634162743779,0.27236045729657,0.0773369199731002,0.0181573638197714,0.00134498991257566,0,0.00336247478143914,0,0.895090786819099,0.0047074646940148,0,0.0638870208473436,0.0161398789509079,0.0100874243443174,0.313382649630128,0.267652992602555,0.0221923335574983,0.286482851378615,0.0201748486886348,0.845845697329378,0.0299703264094952,0.000593471810089008,0.000741839762611255,0.00118694362017802,0.123738872403561,0.194658753709199,0.0118219749652294,0.685220424992071,0.0037753657385559,1.00979228486647,3.05563798219584,0.996439169139466,0.000445103857566766,0,0.00311572700296736,0.156676557863501,0.53160237388724,0.283086053412463,0.0286350148367953
"160506",0.00209643605870021,0.120545073375262,0,0.0209643605870021,0.933962264150943,0,0,0.00838574423480084,0.946540880503145,0.794549266247379,0.837526205450734,0.926624737945493,0.991614255765199,0.993710691823899,0.957023060796646,0.915094339622642,0.980083857442348,0.69811320754717,0.982180293501048,0.957023060796646,0.99895178197065,0.9979035639413,0.980083857442348,0.689727463312371,4.5083857442348,0.281584582441114,1.97858672376874,2.23126338329764,4.60492505353319,0.998929336188437,0,0,0,0.00107066381156317,0,0,0.00535331905781585,0,0.00214132762312634,0.00107066381156317,0,0.00107066381156317,0.97644539614561,0.0139186295503212,0,0,0.0171306209850107,0.00214132762312634,0.839400428265525,0,0.00214132762312634,0.139186295503212,0,0,0,0,0.800856531049251,0.0985010706638116,0.100642398286938,0.123126338329764,0.0160599571734475,0.0738758029978587,0,0.0107066381156317,0,0.774089935760171,0.00214132762312634,0,0.00642398286937901,0.00535331905781585,0.0299785867237687,0.293361884368308,0.41541755888651,0.0310492505353319,0.199143468950749,0.019271948608137,0.903353057199211,0.0327909270216961,0.00246548323471404,0.00172583826429983,0.00123274161735701,0.0599112426035501,0.148668639053255,0.0107398568019093,0.761791831357049,0.00465983224603913,1.04388560157791,3.1405325443787,0.985207100591716,0.0002465483234714,0,0.0145463510848126,0.132642998027613,0.525641025641026,0.309664694280079,0.032051282051282
"160507",0,0.133425034387895,0,0.0577716643741403,0.950481430536451,0,0,0.0123796423658872,0.900962861072902,0.698762035763412,0.843191196698763,0.909215955983493,0.997248968363136,0.995873452544704,0.917469050894086,0.898211829436039,0.976616231086658,0.550206327372765,0.957359009628611,0.946354883081155,0.988995873452545,1,0.998624484181568,0.389270976616231,4.47867950481431,0.206703910614525,2.71648044692737,2.18575418994413,4.54748603351955,0.998603351955307,0,0,0,0,0,0.00139664804469274,0.0111731843575419,0,0.00139664804469274,0,0,0,0.983240223463687,0.00418994413407821,0,0,0.00279329608938547,0.0349162011173184,0.674581005586592,0,0.00418994413407821,0.283519553072626,0,0,0,0,0.695530726256983,0.0935754189944134,0.210893854748603,0.289106145251397,0,0.0363128491620112,0,0.0810055865921788,0.00139664804469274,0.568435754189944,0.0223463687150838,0.00139664804469274,0.106145251396648,0.0195530726256983,0.00837988826815642,0.141061452513966,0.608938547486033,0.00418994413407821,0.106145251396648,0.00558659217877095,0.84568495348091,0.032082130253449,0.00352903432787931,0.00128328521013798,0.00064164260506897,0.118383060635227,0.173243503368623,0.0226209048361935,0.713364993215739,0.0104493207941484,1.07892204042349,3.11677895412255,0.973051010587103,0.000962463907603465,0,0.0259865255052935,0.135707410972089,0.540263073468078,0.291947385306384,0.0320821302534488
"160508",0.00719424460431655,0.0215827338129496,0,0,0.985611510791367,0,0,0.0143884892086331,0.97841726618705,0.935251798561151,0.97841726618705,1,1,1,1,0.985611510791367,1,0.784172661870504,0.992805755395683,1,1,1,1,0.928057553956834,4.0431654676259,0.618705035971223,1.66906474820144,2.33093525179856,4.0431654676259,1,0,0,0,0,0,0,0.00719424460431655,0,0,0,0,0,0.841726618705036,0.151079136690647,0,0,0.00719424460431655,0,0.115107913669065,0,0.00719424460431655,0.870503597122302,0,0,0,0,0.733812949640288,0.0719424460431655,0.194244604316547,0.237410071942446,0.00719424460431655,0,0,0.0863309352517986,0,0.669064748201439,0,0,0.0215827338129496,0.0143884892086331,0,0.294964028776978,0.474820143884892,0.0143884892086331,0.165467625899281,0.0143884892086331,0.859375,0.0390625,0.005859375,0,0,0.095703125,0.20703125,0.034090909090909,0.890063424947146,0.0413223140495868,1.0234375,2.986328125,0.98828125,0.005859375,0,0.005859375,0.16796875,0.580078125,0.216796875,0.03515625
"160509",0,0.0425531914893617,0,0.00531914893617021,0.957446808510638,0,0,0.0265957446808511,0.978723404255319,0.872340425531915,0.957446808510638,0.978723404255319,1,1,0.973404255319149,0.936170212765957,0.98936170212766,0.73936170212766,0.98936170212766,0.978723404255319,1,1,1,0.670212765957447,4.18617021276596,0.425531914893616,1.8563829787234,2.08510638297872,4.18617021276596,1,0,0,0,0,0,0,0.00531914893617021,0,0,0,0,0,0.98936170212766,0.00531914893617021,0,0.00531914893617021,0,0,0.558510638297872,0,0,0.436170212765957,0,0,0,0,0.941489361702128,0.0425531914893617,0.0159574468085106,0.473404255319149,0.0159574468085106,0,0,0.0106382978723404,0,0.5,0,0,0.0638297872340425,0.00531914893617021,0.436170212765957,0,0,0,0.49468085106383,0,0.85906862745098,0.0526960784313725,0.00735294117647059,0,0,0.0808823529411765,0.197303921568627,0.00687285223367699,0.638132295719845,0.00931677018633541,1.48897058823529,3.09313725490196,0.837009803921569,0,0,0.162990196078431,0.154411764705882,0.531862745098039,0.269607843137255,0.0441176470588235
"160510",0.00332963374028857,0.0921198668146504,0,0.0310765815760266,0.917869034406215,0,0,0.0188679245283019,0.90677025527192,0.65149833518313,0.863485016648168,0.880133185349612,0.986681465038846,0.983351831298557,0.889012208657048,0.820199778024418,0.966703662597114,0.425083240843508,0.970033296337403,0.936736958934517,0.991120976692564,0.995560488346282,0.95338512763596,0.679245283018869,4.48612652608213,0.277966101694916,1.84971751412429,2.53785310734463,4.56723163841808,0.987570621468927,0,0,0.00225988700564972,0.00903954802259887,0.00112994350282486,0,0.0745762711864407,0,0.00338983050847458,0,0.00225988700564972,0.00451977401129944,0.908474576271186,0.00564971751412429,0.00112994350282486,0,0.00564971751412429,0.00677966101694915,0.848587570621469,0,0,0.137853107344633,0.00112994350282486,0,0,0.00338983050847458,0.272316384180791,0.346892655367232,0.377401129943503,0.0135593220338983,0.00451977401129944,0,0.0305084745762712,0.613559322033898,0,0.308474576271186,0.0293785310734463,0,0.193220338983051,0.0192090395480226,0.00677966101694915,0.258757062146893,0.223728813559322,0.0508474576271186,0.233898305084746,0.0135593220338983,0.857275254865616,0.0518999073215939,0.00185356811862836,0.00139017608897127,0.000695088044485655,0.0880444856348469,0.175393883225208,0.0136286201022146,0.705694648993619,0.00889547813194959,1.38693234476367,3.10171455050973,0.870713623725672,0.00046339202965709,0,0.128822984244671,0.157553290083411,0.494207599629286,0.313948100092678,0.0342910101946247
"160511",0,0.0404761904761905,0,0.00238095238095238,0.933333333333333,0,0,0.0238095238095238,0.969047619047619,0.842857142857144,0.876190476190476,0.969047619047619,1,0.997619047619048,0.966666666666667,0.971428571428571,0.988095238095238,0.783333333333334,0.995238095238095,0.95952380952381,0.997619047619048,1,0.995238095238095,0.704761904761905,4.40952380952381,0.900726392251816,1.88377723970944,2.39225181598063,4.48426150121065,0.983050847457627,0,0,0,0.00726392251815981,0.00726392251815981,0.00242130750605327,0.0169491525423729,0,0,0,0.00242130750605327,0.00242130750605327,0.968523002421308,0.00968523002421308,0,0.00242130750605327,0.00242130750605327,0.00242130750605327,0.309927360774818,0.00242130750605327,0.00242130750605327,0.677966101694915,0,0,0,0,0.782082324455206,0.104116222760291,0.113801452784504,0.0581113801452785,0.00726392251815981,0.00484261501210654,0.00726392251815981,0.297820823244552,0.00242130750605327,0.610169491525424,0.0121065375302663,0,0.0702179176755448,0.0290556900726392,0.00968523002421308,0.106537530266344,0.639225181598063,0.0290556900726392,0.113801452784504,0.00242130750605327,0.824089635854341,0.0840336134453784,0.00728291316526613,0,0.000560224089635856,0.0840336134453784,0.233613445378152,0.0254452926208651,0.917865707434052,0,3.34733893557423,3.0733893557423,0.215686274509804,0.00280112044817927,0,0.781512605042017,0.225210084033613,0.370868347338936,0.343977591036415,0.0599439775910364
"160601",0.0111474149529118,0.461272342879108,0,0.040169133192389,0.639438785316164,0,0.000384393619065923,0.0167211224293677,0.737843551797047,0.435902364020753,0.478762252546596,0.741879684797226,0.896790313280797,0.952142994426293,0.658081875840855,0.590044205266206,0.854314818374018,0.369017874303296,0.980780319046704,0.751681722083423,0.95521814337882,0.988852585047089,0.806842206419375,0.862963674802993,4.4816452046896,0.312978598075782,2.47948164146865,2.34400157078343,4.57844099744746,0.987433732574121,0,0.00805026506970351,0.00157078342823483,0.000392695857058708,0.000785391714117416,0.00176713135676419,0.119772236402906,0.00235617514235225,0.0270960141370509,0.000392695857058708,0.00196347928529354,0.00451600235617514,0.834086000392696,0.0098173964264677,0,0.0117808757117612,0.0441782839191047,0.0263106224229334,0.671117219713332,0.00137443549970548,0.00451600235617514,0.240722560376988,0,0.000785391714117416,0.00098173964264677,0.0284704496367563,0.505203220106028,0.287846063224033,0.176713135676419,0.362850971922246,0.0765756921264481,0.056548203416454,0.0636167288435107,0.163557824464952,0.000589043785588062,0.241311604162576,0.0111918319261732,0.0237580993520518,0.139014333398783,0.0494796779893972,0.0649911643432162,0.292362065580208,0.156292951109366,0.0284704496367563,0.238759081091694,0.0306302768505792,0.687491536135061,0.152936396876269,0.00343068658872376,0.00288899923260952,0.00212160881144763,0.152530131359183,0.150453663160745,0.0170674941815364,0.725050330744896,0.0383331107252572,1.54534374576807,3.48309484042792,0.812485893558434,0.00857671647180969,4.51406130095247e-05,0.178892249356746,0.145713898794746,0.38843497494696,0.31151537037873,0.154335755879565
"160602",0,0.61439588688946,0,0.0231362467866324,0.84318766066838,0,0,0.0154241645244216,0.460154241645245,0.347043701799485,0.372750642673521,0.668380462724936,0.930591259640103,0.848329048843188,0.55012853470437,0.419023136246786,0.730077120822622,0.308483290488432,0.994858611825193,0.637532133676093,0.994858611825193,0.994858611825193,0.889460154241645,0.892030848329049,4.16709511568123,0.369509043927648,2.30490956072351,2.05167958656331,4.18863049095607,0.968992248062015,0,0.0310077519379845,0,0,0,0,0.0310077519379845,0,0.00258397932816537,0,0,0.00258397932816537,0.963824289405685,0,0,0.00516795865633075,0.0129198966408269,0.0103359173126615,0.661498708010336,0,0,0.310077519379845,0,0,0,0.00775193798449612,0.377260981912145,0.27906976744186,0.335917312661499,0.573643410852713,0.0387596899224806,0.00516795865633075,0,0.020671834625323,0,0.361757105943152,0,0,0.0852713178294574,0.0103359173126615,0.0232558139534884,0.124031007751938,0.253229974160207,0.0465116279069767,0.364341085271318,0.0930232558139535,0.762585456805469,0.0901180857675576,0,0.000621504039776276,0,0.14791796146675,0.108763206960845,0.0214876033057851,0.679133858267717,0.0151515151515152,1.34058421379739,3.34804226227471,0.886264760720945,0,0.000621504039776259,0.113113735239279,0.100683654443754,0.48663766314481,0.344313238036047,0.0683654443753884
"160603",0.00323974082073434,0.200863930885529,0,0.00647948164146868,0.877969762419006,0,0,0.00971922246220302,0.889848812095033,0.701943844492439,0.753779697624189,0.897408207343413,0.994600431965443,0.995680345572354,0.912526997840173,0.902807775377969,0.961123110151188,0.56047516198704,0.995680345572354,0.916846652267818,0.993520518358531,0.998920086393089,0.925485961123111,0.72354211663067,3.91252699784017,0.430309734513275,1.94469026548673,2.12278761061947,4.00774336283186,0.993362831858407,0,0.00663716814159292,0,0,0,0,0.00110619469026549,0,0.00221238938053097,0,0,0.00884955752212389,0.986725663716814,0.00110619469026549,0,0,0.0342920353982301,0.00221238938053097,0.496681415929204,0.00110619469026549,0.00331858407079646,0.462389380530973,0,0,0,0,0.89712389380531,0.0730088495575221,0.0298672566371681,0.332964601769911,0.246681415929204,0.0741150442477876,0,0.198008849557522,0,0.148230088495575,0,0,0.038716814159292,0.0254424778761062,0.0365044247787611,0.161504424778761,0.367256637168142,0.0199115044247788,0.334070796460177,0.0165929203539823,0.762111981433131,0.0501885697708152,0.000580214679431405,0.000870322019147094,0,0.187699448796055,0.175805047867711,0.0123546511627907,0.719839555692688,0.00894632206759444,2.37307803887438,3.20626631853786,0.541630403249202,0.000870322019147084,0.000290107339715695,0.457209167391935,0.145343777197563,0.446475195822454,0.363794604003481,0.0443864229765013
"160604",0.00602863602110023,0.12207987942728,0,0.00602863602110023,0.905048982667671,0,0,0.0188394875659382,0.936699321778447,0.771665410700827,0.834966088922383,0.943481537302184,0.990203466465712,0.991710625470987,0.950263752825924,0.915599095704595,0.981914091936699,0.494348153730218,0.99698568198945,0.965335342878673,0.998492840994725,0.995478522984175,0.960060286360211,0.92087415222306,3.9819140919367,0.607413010590014,2.06656580937973,2.12178517397882,3.99697428139183,0.894856278366112,0,0.0075642965204236,0,0.0975794251134644,0,0,0.0173978819969743,0.00075642965204236,0.0211800302571861,0,0,0.00075642965204236,0.951588502269289,0.00832072617246596,0,0.00226928895612708,0.0340393343419062,0.00453857791225416,0.665658093797277,0,0.00226928895612708,0.291225416036309,0,0,0,0.00151285930408472,0.385022692889561,0.170953101361573,0.442511346444781,0.379727685325265,0.0998487140695915,0.186838124054463,0,0.154311649016641,0.00151285930408472,0.17624810892587,0.00151285930408472,0,0.0242057488653555,0.0317700453857791,0.0249621785173979,0.214069591527988,0.45839636913767,0.0166414523449319,0.156580937972769,0.0733736762481089,0.785284683239776,0.0579390537289493,0.000200481154771455,0.000200481154771455,0.000400962309542909,0.156375300721732,0.17261427425822,0.0200411099691677,0.741254266211604,0.0179606025492468,1.09863672814755,3.07638331996793,0.964314354450682,0.00421010425020048,0,0.0314755412991179,0.155573376102646,0.530272654370489,0.277465918203689,0.0366880513231756
"160605",0.000336927223719677,0.117250673854447,0,0.00539083557951483,0.946091644204852,0,0.000336927223719677,0.011455525606469,0.92722371967655,0.69743935309973,0.833557951482479,0.932614555256065,0.993598382749326,0.994272237196765,0.923854447439353,0.9161051212938,0.977088948787062,0.517520215633422,0.988544474393531,0.936320754716982,0.996630727762803,0.997641509433962,0.970013477088949,0.658355795148245,4.49528301886792,0.608443990466459,2.12121212121212,2.03064351378958,4.54273067756214,0.996935648621042,0,0,0,0.000680966973101805,0.00238338440585632,0,0.00544773578481444,0.000340483486550902,0.00136193394620361,0,0,0.00306435137895812,0.987061627511066,0.00272386789240722,0,0.000340483486550902,0.0306435137895812,0.00102145045965271,0.473272046305754,0,0.00272386789240722,0.491998638066054,0,0,0,0.000680966973101805,0.698672114402451,0.104868913857678,0.195778004766769,0.0238338440585632,0.0204290091930541,0.0251957780047668,0.00102145045965271,0.139938712972421,0.000680966973101805,0.786857337419135,0.00136193394620361,0.000680966973101805,0.00272386789240722,0.00170241743275451,0.00510725229826353,0.15457950289411,0.627170582226762,0.0316649642492339,0.173987061627511,0.00306435137895812,0.780884473642044,0.0451049511296265,0.000560807562890602,0.00120173049190838,0.000721038295145058,0.172568498638039,0.15261977247236,0.0084459459459461,0.705464200068516,0.00872913992297816,1.10046466912354,3.14380708219836,0.96595096939593,0.000801153661272232,8.01153661272232e-05,0.0331677615766704,0.146130427816055,0.502082999519308,0.309645890081718,0.0421406825829194
"160606",0.0178704393149665,0.332092330603127,0,0.0290394638868206,0.822784810126582,0,0,0.0134028294862249,0.867460908413998,0.402829486224868,0.626209977661949,0.8265078183172,0.97096053611318,0.987341772151899,0.773641102010425,0.723752792256142,0.951600893521965,0.429635145197318,0.98957557706627,0.901712583767685,0.991064780342517,0.992553983618764,0.924795234549516,0.84512285927029,4.57036485480268,0.26047220106626,2.55826351865956,2.4988575780655,4.67479055597867,0.985529322162985,0,0,0,0.0129474485910129,0.00152322924600152,0,0.0814927646610815,0,0.00304645849200305,0,0,0.00380807311500381,0.906321401370906,0.00533130236100533,0,0.00837776085300838,0.0418888042650419,0.00152322924600152,0.712109672505712,0.00152322924600152,0.00152322924600152,0.233054074638233,0,0,0,0.0099009900990099,0.444021325209444,0.271896420411272,0.274181264280274,0.434120335110434,0.0746382330540746,0.0266565118050267,0.00456968773800457,0.232292460015232,0,0.219345011424219,0.00228484386900229,0.00609291698400609,0.111195734958111,0.0258948971820259,0.0121858339680122,0.52018278750952,0.188118811881188,0.0099009900990099,0.127189642041127,0.00533130236100533,0.756792144026186,0.0883797054009822,0.000818330605564671,0.00327332242225847,0.0034369885433716,0.151554828150574,0.136988543371522,0.0120952009364026,0.717124589597373,0.0125754527162978,1.16693944353519,3.26743044189853,0.941734860883797,0.00376432078559738,0.000327332242225859,0.0541734860883797,0.128641571194763,0.459901800327332,0.354828150572831,0.0566284779050737
"160701",0.00972972972972973,0.405765765765766,0,0.0313513513513514,0.734774774774775,0,0,0.0133333333333333,0.805045045045043,0.493333333333329,0.544864864864864,0.700540540540538,0.918918918918919,0.953873873873874,0.689009009009012,0.636756756756754,0.840360360360359,0.426666666666662,0.96,0.716036036036038,0.925765765765765,0.978738738738739,0.818378378378376,0.712792792792796,4.34198198198198,0.322828875045808,2.26713081714913,2.1066324661048,4.41517039208501,0.973983144008794,0,0.0164895566141444,0.00549651887138146,0,0.00109930377427629,0.00293147673140344,0.175522169292781,0.00146573836570172,0.00403078050567974,0.000732869182850861,0.000366434591425431,0.00366434591425431,0.790765848296079,0.0234518138512276,0,0.0183217295712715,0.0300476364968853,0.00659582264565775,0.509344082081349,0.00146573836570172,0.0106266031513375,0.423598387687798,0,0.000366434591425431,0.00293147673140344,0.0197874679369732,0.161597654818615,0.321363136680103,0.49395382924148,0.0494686698424331,0.00696225723708318,0.00622938805423232,0.0355441553682668,0.743129351410773,0.00439721509710517,0.148772444118725,0.00366434591425431,0.00183217295712715,0.274459508977647,0.060461707585196,0.0241846830340784,0.0795163063393184,0.22535727372664,0.0197874679369732,0.301209234151704,0.0150238182484427,0.743449321762576,0.134046676215352,0.00126379644451937,0.00345437694835277,0.00193782121492962,0.117954334821806,0.171118038587918,0.0349555813055233,0.695866582982157,0.0505995203836931,1.46086443676805,3.36860729631814,0.836127727693993,0.0153340635268346,8.42530963012891e-05,0.148453955682871,0.154435925520263,0.427584463729042,0.28822984244671,0.129749768303985
"160702",0.000773993808049536,0.03328173374613,0,0.00386996904024768,0.975232198142415,0,0,0.000773993808049536,0.967492260061919,0.96594427244582,0.957430340557275,0.991486068111455,0.996904024767802,0.996904024767802,0.990712074303406,0.985294117647059,0.990712074303406,0.879256965944272,0.996130030959752,0.992260061919505,0.99922600619195,1,0.997678018575851,0.74922600619195,4.90402476780186,0.961748633879781,1.42388758782201,2.06245120999219,4.94613583138173,0.297423887587822,0,0,0,0.702576112412178,0,0,0.0078064012490242,0,0.00156128024980484,0,0,0.00156128024980484,0.978922716627635,0.0101483216237315,0,0,0.00078064012490242,0.0039032006245121,0.106947697111632,0.00078064012490242,0.00702576112412178,0.88056206088993,0,0,0,0,0.327088212334114,0.024199843871975,0.648711943793911,0.00234192037470726,0,0,0,0.362997658079625,0.00156128024980484,0.626854020296643,0.00546448087431694,0.00078064012490242,0.00234192037470726,0,0.00234192037470726,0.0132708821233411,0.0171740827478532,0.0101483216237315,0.95160031225605,0.00312256049960968,0.913995445787353,0.0180416885619196,0.000175162024873013,0.000175162024873013,0.000175162024873013,0.0679628656507266,0.279908915747067,0.0109516616314199,0.54979927356146,0.00142500890630566,3.68873708180067,2.87423366614118,0.102820108600455,0.00140129619898406,0,0.89577859520056,0.223156419688212,0.510597302504817,0.239096163951655,0.0271501138553162
"160703",0.00540540540540541,0.307027027027027,0,0.0151351351351351,0.78054054054054,0,0,0.0140540540540541,0.896216216216215,0.693513513513509,0.6545945945946,0.810810810810813,0.975675675675676,0.987567567567567,0.827027027027027,0.837837837837837,0.954594594594594,0.645405405405411,0.968648648648649,0.843243243243245,0.995135135135135,0.984324324324324,0.934594594594596,0.77027027027027,4.42810810810811,0.541899441340786,2.02011173184358,2.22849162011174,4.57653631284916,0.945810055865922,0,0.011731843575419,0,0.041340782122905,0,0.00111731843575419,0.0536312849162011,0.00111731843575419,0.0379888268156425,0,0.0307262569832402,0.00279329608938547,0.856424581005587,0.0173184357541899,0,0.00949720670391061,0.0793296089385475,0.0363128491620112,0.5268156424581,0.00167597765363128,0.011731843575419,0.33463687150838,0,0.000558659217877095,0.000558659217877095,0.00391061452513967,0.553072625698324,0.110614525139665,0.331284916201117,0.137988826815642,0.0184357541899441,0.0363128491620112,0,0.156983240223464,0.00391061452513967,0.558659217877095,0.0860335195530726,0.00167597765363128,0.0463687150837989,0.011731843575419,0.0217877094972067,0.260335195530726,0.31731843575419,0.0385474860335196,0.288268156424581,0.0156424581005587,0.789981737542396,0.0549178189407766,0.0024784763892511,0.00534829115575281,0.0030002608922515,0.147404122097574,0.217714583876859,0.0259308510638297,0.807345904869125,0.0387518872672367,2.42147143229846,3.06470127837203,0.524132533263762,0.0030002608922515,0.000130446125750065,0.472736759718236,0.192929819984346,0.478867727628489,0.267023219410384,0.0611792329767806
"160704",0.00650759219088937,0.227765726681128,0,0.00976138828633406,0.928416485900217,0,0,0.00433839479392625,0.831887201735358,0.672451193058568,0.731019522776573,0.806941431670282,0.988069414316703,0.984815618221258,0.827548806941432,0.847071583514099,0.964208242950109,0.703904555314532,0.994577006507592,0.879609544468547,0.997830802603037,0.995661605206074,0.99349240780911,0.491323210412147,4.35140997830803,0.605351170568561,1.85061315496098,2.11036789297659,4.4726867335563,0.98216276477146,0,0.00780379041248606,0,0.00891861761426979,0.00111482720178372,0,0.0189520624303233,0,0,0,0,0.00334448160535117,0.968784838350056,0.00891861761426979,0,0,0.0144927536231884,0.00668896321070234,0.519509476031215,0,0.00445930880713489,0.454849498327759,0,0,0,0,0.780379041248606,0.0992196209587514,0.120401337792642,0.0802675585284281,0.0590858416945373,0.0278706800445931,0,0.235228539576366,0.00445930880713489,0.554069119286511,0.0379041248606466,0.00111482720178372,0.0557413600891862,0.0412486064659978,0.0780379041248606,0.173913043478261,0.0568561872909699,0.0356744704570792,0.548494983277592,0.0100334448160535,0.865974025974026,0.0561038961038967,0,0.00129870129870133,0.00181818181818176,0.07974025974026,0.236363636363636,0.0215311004784689,0.831096196868008,0.00855745721271395,1.65064935064935,3.0025974025974,0.782597402597403,0.000779220779220779,0,0.216623376623377,0.21012987012987,0.464155844155844,0.277142857142857,0.0485714285714286
"160705",0.00376647834274953,0.196798493408663,0,0.00753295668549906,0.85969868173258,0,0,0.0112994350282486,0.835216572504708,0.660075329566853,0.746704331450094,0.847457627118644,0.988700564971751,0.992467043314501,0.853107344632769,0.853107344632768,0.962335216572504,0.595103578154428,0.965160075329567,0.868173258003768,0.99623352165725,0.997175141242938,0.966101694915255,0.33804143126177,4.70056497175141,0.396030245746692,2.02457466918715,2.12948960302458,4.71833648393195,0.997164461247637,0,0.00283553875236295,0,0,0,0,0.0406427221172023,0.00189035916824197,0.0113421550094518,0,0,0.0056710775047259,0.924385633270321,0.0160680529300567,0,0.00283553875236295,0.0189035916824197,0.0113421550094518,0.284499054820416,0.000945179584120983,0.00756143667296786,0.673913043478261,0,0.000945179584120983,0,0.000945179584120983,0.50945179584121,0.126654064272212,0.362003780718336,0.0151228733459357,0.00661625708884688,0.0463137996219282,0,0.334593572778828,0,0.597353497164461,0,0,0.0453686200378072,0.0189035916824197,0.00850661625708885,0.173913043478261,0.428166351606805,0.0368620037807183,0.271266540642722,0.0170132325141777,0.852035321990092,0.0303682963601118,0.000215377988369598,0.000861511953478349,0.00107688994184796,0.1154426017661,0.267714839543397,0.0112903225806452,0.750752837618717,0.01171875,1.35817359465862,2.82812836528107,0.86926556105966,0.0170148610811975,0,0.113719577859143,0.238423433125135,0.519922463924187,0.209993538660349,0.0316605642903295
"160706",0.000425894378194208,0.0421635434412266,0,0.00170357751277683,0.965076660988075,0,0.000425894378194208,0.000851788756388416,0.949318568994889,0.909710391822829,0.935264054514479,0.944633730834753,0.991056218057921,0.99488926746167,0.961243611584327,0.959965928449744,0.978279386712095,0.850085178875636,0.99701873935264,0.975298126064736,0.997870528109029,0.998722316865417,0.992333901192504,0.468057921635434,4.92717206132879,0.767702936096714,1.77288428324697,2.0807426597582,4.99525043177893,0.585492227979275,0,0.00172711571675302,0,0.411917098445596,0.000863557858376511,0,0.00820379965457686,0,0.0323834196891192,0,0.000431778929188256,0.00129533678756477,0.924870466321243,0.0328151986183074,0,0.00129533678756477,0.0241796200345423,0.0038860103626943,0.216321243523316,0.000431778929188256,0.00734024179620035,0.746545768566494,0,0,0,0.000863557858376511,0.439550949913644,0.0738341968911917,0.485751295336788,0.00993091537132988,0.00215889464594128,0.281088082901554,0.00215889464594128,0.266839378238342,0.0341105354058722,0.324697754749568,0.0790155440414508,0,0.0133851468048359,0.00734024179620035,0.00474956822107081,0.0293609671848014,0.0656303972366149,0.0280656303972366,0.84887737478411,0.00259067357512953,0.856201661415067,0.0275947674973742,0.00019096724911677,0.000381934498233523,0.00105031987014228,0.115535185715649,0.338012030936694,0.0204277817832255,0.428556539864512,0.000947867298578209,2.01871479041345,2.71469492981954,0.660173780196696,0.000286450873675165,0.000190967249116776,0.339348801680512,0.297431490499379,0.448964002673541,0.225627804831471,0.0279767019956078
"160801",0.00370828182941904,0.315203955500618,0,0.0259579728059332,0.754017305315204,0,0,0.030902348578492,0.798516687268232,0.396786155747836,0.645241038318912,0.716934487021013,0.966625463535229,0.964153275648949,0.677379480840545,0.606922126081581,0.88257107540173,0.505562422744128,0.834363411619283,0.562422744128554,0.978986402966626,0.982694684796045,0.911001236093943,0.662546353522868,4.03213844252163,0.259119496855345,2.24528301886793,2.45786163522013,4.10314465408805,0.967295597484277,0,0.010062893081761,0,0.020125786163522,0,0.00251572327044025,0.0943396226415094,0,0.00251572327044025,0,0,0,0.89937106918239,0.00377358490566038,0,0.00251572327044025,0.0226415094339623,0.00251572327044025,0.647798742138365,0,0.0050314465408805,0.319496855345912,0,0,0,0.00377358490566038,0.613836477987421,0.244025157232704,0.138364779874214,0.0339622641509434,0.0113207547169811,0,0,0.513207547169811,0.00125786163522013,0.291823899371069,0.147169811320755,0.00125786163522013,0.213836477987421,0.0842767295597484,0.060377358490566,0.228930817610063,0.19874213836478,0.020125786163522,0.147169811320755,0.0465408805031447,0.777875586854458,0.116784037558685,0.0322769953051636,0.00557511737089203,0.00264084507042255,0.0674882629107978,0.153755868544601,0.0317567567567567,0.650323774283071,0.0119236883942766,1.38673708920187,3.49383802816901,0.821302816901408,0.0742370892018779,0.000880281690140845,0.103579812206573,0.126173708920188,0.415199530516432,0.314847417840376,0.143779342723005
"160802",0,0.1484375,0,0,0.921875,0,0,0.0234375,0.9375,0.8515625,0.78125,0.9453125,1,1,0.953125,0.9765625,0.9609375,0.8984375,0.984375,0.953125,1,0.9921875,0.9921875,0.3671875,3.96875,1,1.6171875,2.0234375,3.96875,1,0,0,0,0,0,0,0.015625,0,0,0,0,0.0078125,0.96875,0.0078125,0,0,0,0,0.65625,0,0,0.34375,0,0,0,0,0.9453125,0.046875,0.0078125,0,0,0,0,0.03125,0,0.96875,0,0,0,0,0.0078125,0.375,0.046875,0.0390625,0.53125,0,0.814432989690722,0.0907216494845362,0.0123711340206186,0,0,0.0824742268041237,0.167010309278351,0.011764705882353,0.524122807017543,0.00440528634361233,1.21649484536083,3.35463917525773,0.898969072164948,0.043298969072165,0,0.0577319587628866,0.129896907216495,0.478350515463918,0.280412371134021,0.111340206185567
"160803",0.00187265917602996,0.250936329588015,0,0.00187265917602996,0.893258426966292,0,0,0.0131086142322097,0.874531835205993,0.700374531835206,0.722846441947565,0.906367041198503,0.99250936329588,0.99625468164794,0.872659176029962,0.919475655430711,0.951310861423221,0.711610486891385,0.99625468164794,0.911985018726592,1,0.99812734082397,0.99625468164794,0.367041198501872,4.17790262172285,0.7131931166348,2.12428298279159,2.21606118546845,4.26577437858508,0.858508604206501,0,0,0,0.141491395793499,0,0,0.00382409177820268,0,0.00382409177820268,0,0,0.00191204588910134,0.990439770554493,0,0,0,0.0133843212237094,0.011472275334608,0.58508604206501,0,0.00191204588910134,0.388145315487572,0,0,0,0,0.87189292543021,0.105162523900574,0.0229445506692161,0.0975143403441683,0.011472275334608,0,0,0.107074569789675,0,0.755258126195029,0.0286806883365201,0,0.0516252390057361,0.00956022944550669,0.0420650095602294,0.101338432122371,0.175908221797323,0.0267686424474187,0.581261950286807,0.011472275334608,0.795678722404884,0.0624706434945982,0.0117426021606388,0,0.00751526538280888,0.124001878816346,0.223109441052137,0.0310077519379845,0.76797223599405,0.00471698113207545,2.47721935180836,3.00516674495068,0.504462188821043,0.00469704086425552,0,0.490840770314702,0.193048379520902,0.518083607327384,0.237670267731329,0.0511977454203852
"160804",0,0.075098814229249,0,0.00790513833992095,0.956521739130435,0,0,0.00395256916996047,0.960474308300395,0.881422924901186,0.91304347826087,0.972332015810277,1,1,0.976284584980237,0.976284584980237,0.976284584980237,0.960474308300395,1,0.964426877470356,1,1,1,0.608695652173912,4.54150197628458,0.976190476190476,2.25396825396825,2.07539682539683,4.55952380952381,1,0,0,0,0,0,0,0.00396825396825397,0,0,0,0,0,0.992063492063492,0.00396825396825397,0,0,0.0198412698412698,0,0.920634920634921,0,0,0.0595238095238095,0,0,0,0,0.972222222222222,0.0198412698412698,0.00793650793650794,0,0,0,0.0119047619047619,0.0119047619047619,0,0.944444444444444,0.0317460317460317,0,0,0,0.0198412698412698,0.194444444444444,0.19047619047619,0.0238095238095238,0.567460317460317,0.00396825396825397,0.822335025380711,0.0592216582064296,0.0490693739424704,0.00930626057529615,0.00169204737732657,0.0685279187817259,0.184433164128596,0.0347826086956522,0.527827648114901,0.00188679245283019,1.43485617597293,3.24450084602369,0.83756345177665,0.0262267343485618,0,0.136209813874789,0.160744500846024,0.469543147208122,0.271573604060914,0.0981387478849408
