"ubigeo","year","id.sp","id.time","model","mean","median","lower","upper","sd","ci_width"
"160101",2010,1,1,"m3",0.808729303883273,0.809802197410266,0.77224130879133,0.839099851621158,0.016907024402949,0.0668585428298274
"160102",2010,2,1,"m3",0.72157539540648,0.723247059885317,0.6371161432883,0.796346423440112,0.0403919493788783,0.159230280151812
"160103",2010,3,1,"m3",0.740259504231368,0.740763365056875,0.688279349179135,0.789270597754495,0.0256151368056495,0.10099124857536
"160104",2010,4,1,"m3",0.731547171356637,0.732641425228425,0.668876887355366,0.787783479983681,0.0299848361727536,0.118906592628315
"160105",2010,5,1,"m3",0.714955280142946,0.715701146905652,0.66795040671943,0.757698627979139,0.0228003258435856,0.089748221259708
"160106",2010,6,1,"m3",0.733232483745179,0.734563921685559,0.662322936905845,0.796376800765594,0.0339332595798921,0.134053863859749
"160107",2010,7,1,"m3",0.710624049082348,0.712246408795212,0.624974196516718,0.786817619100831,0.0409971581573409,0.161843422584113
"160108",2010,8,1,"m3",0.79137921135838,0.792959949886057,0.741327450454494,0.832341816075661,0.0229968618304379,0.091014365621167
"160110",2010,9,1,"m3",0.727283774607329,0.728895721582835,0.645565402581162,0.799636879114894,0.0390819330500322,0.154071476533733
"160112",2010,10,1,"m3",0.794165809133928,0.794093176238198,0.773901833164093,0.814835008369193,0.0103832622717305,0.0409331752051
"160113",2010,11,1,"m3",0.768511137975309,0.769815587056242,0.71280604536861,0.816760380988538,0.0262462132190092,0.103954335619927
"160201",2010,12,1,"m3",0.782041360565847,0.782007075157658,0.760053232872598,0.804215468399253,0.0112382706686359,0.0441622355266554
"160202",2010,13,1,"m3",0.643159729459001,0.643363866494494,0.600574818903498,0.684605202788925,0.021383040302507,0.0840303838854267
"160205",2010,14,1,"m3",0.723081038791653,0.723005897976247,0.672545684054602,0.773983441732427,0.0256917887672289,0.101437757677825
"160206",2010,15,1,"m3",0.728223794367895,0.72935283587513,0.66859652079533,0.781369372067378,0.0286420520209132,0.112772851272049
"160210",2010,16,1,"m3",0.719017255122748,0.720466381853191,0.661585676623623,0.768213243092627,0.0270823821457171,0.106627566469004
"160211",2010,17,1,"m3",0.710447988522061,0.711190380214959,0.666332399358166,0.750352540073855,0.0213581903276222,0.0840201407156896
"160301",2010,18,1,"m3",0.735524811033433,0.73597165447881,0.695616785125928,0.772883983945058,0.019644628614269,0.0772671988191301
"160302",2010,19,1,"m3",0.740846274008664,0.742668634541171,0.657641126009405,0.813495745611889,0.0395082014532502,0.155854619602484
"160303",2010,20,1,"m3",0.703759070253487,0.705940623302464,0.604796644672508,0.790091545590734,0.04703926611656,0.185294900918226
"160304",2010,21,1,"m3",0.691722574455448,0.693512713284341,0.595891490204789,0.777066921479929,0.0460031021618794,0.181175431275141
"160305",2010,22,1,"m3",0.71408236820523,0.716002291257947,0.629066475743315,0.78803663468076,0.0403299696966508,0.158970158937445
"160401",2010,23,1,"m3",0.730174901690805,0.73117696246364,0.663132019448112,0.791357060260954,0.032427145335071,0.128225040812842
"160402",2010,24,1,"m3",0.73913336248886,0.73996904838318,0.682846033370529,0.790439672254595,0.0271926091687745,0.107593638884066
"160403",2010,25,1,"m3",0.727675216030707,0.729654659404343,0.63738807070499,0.806465756043873,0.0428945535146196,0.169077685338883
"160404",2010,26,1,"m3",0.699892763064814,0.70093800819894,0.64378120621906,0.750027339258526,0.0268107522894531,0.106246133039466
"160501",2010,27,1,"m3",0.725403191450797,0.727663581251963,0.660382836050674,0.777723976771811,0.0297561839436835,0.117341140721137
"160502",2010,28,1,"m3",0.720359093189712,0.722858234873501,0.620296688535557,0.805947383926977,0.0471254825445506,0.18565069539142
"160503",2010,29,1,"m3",0.725527090513133,0.726807416854118,0.663465177908174,0.780112863423442,0.0294275180841959,0.116647685515268
"160504",2010,30,1,"m3",0.720786621202354,0.722458535273416,0.643785116906203,0.788111860642144,0.0365266312499127,0.144326743735942
"160505",2010,31,1,"m3",0.725223195282111,0.72714374422443,0.646743280337337,0.792610637497726,0.0368858777610997,0.145867357160388
"160506",2010,32,1,"m3",0.732240761042298,0.733874556821171,0.654347336885181,0.800612767056421,0.0369460248515595,0.14626543017124
"160507",2010,33,1,"m3",0.743661459643112,0.744512605898971,0.68590325741518,0.796392197004464,0.0279186413919284,0.110488939589284
"160508",2010,34,1,"m3",0.714533706639742,0.716701363189638,0.617740800924012,0.798746254594209,0.0459272237997274,0.181005453670197
"160509",2010,35,1,"m3",0.722033540586808,0.723548145605635,0.640834185724369,0.794441578353442,0.0389416110809434,0.153607392629074
"160510",2010,36,1,"m3",0.736938813424945,0.737348677660127,0.696042728593693,0.775422546880763,0.020092673226205,0.0793798182870692
"160511",2010,37,1,"m3",0.711163489453287,0.7133683234455,0.615297103812631,0.794255254850777,0.045402779741743,0.178958151038146
"160601",2010,38,1,"m3",0.758220994269613,0.760085018764186,0.683375529935887,0.822291442328365,0.0352140287817413,0.138915912392478
"160602",2010,39,1,"m3",0.783443361316699,0.784119953475457,0.742968965276266,0.819962158595259,0.0195139911183808,0.0769931933189926
"160603",2010,40,1,"m3",0.7324912431514,0.732914628869559,0.685612031083442,0.776970711082866,0.0232380532651899,0.091358679999424
"160604",2010,41,1,"m3",0.735868124934162,0.737677115284867,0.652128022303114,0.809137387462893,0.0398380295441041,0.157009365159779
"160605",2010,42,1,"m3",0.734425624938826,0.735119202634526,0.686282818395256,0.77860007832828,0.023490804908138,0.0923172599330242
"160606",2010,43,1,"m3",0.783021948445316,0.783357027951417,0.750439227429908,0.813671536772811,0.0160851052720779,0.0632323093429022
"160701",2010,44,1,"m3",0.720123279779719,0.72060618217443,0.672076537939198,0.765397126154733,0.0236448925533716,0.0933205882155355
"160702",2010,45,1,"m3",0.684022061910342,0.683757261731584,0.633571766145328,0.735889054753197,0.025931624034437,0.102317288607869
"160703",2010,46,1,"m3",0.713583248262113,0.714057638468457,0.646123251797862,0.778137571735017,0.0334594318161523,0.132014319937155
"160704",2010,47,1,"m3",0.65333723819719,0.653497349406249,0.58405104838873,0.721498722211152,0.0350149853907844,0.137447673822422
"160705",2010,48,1,"m3",0.68369252073759,0.684951129193146,0.595063463452386,0.764759648689444,0.0429412422558511,0.169696185237059
"160706",2010,49,1,"m3",0.61995170257157,0.619907799687625,0.544318475307887,0.69566557006954,0.0383347913837275,0.151347094761653
"160801",2010,50,1,"m3",0.757773236141594,0.759364333103202,0.681153613535712,0.825207619021882,0.0366413710441941,0.144054005486169
"160802",2010,51,1,"m3",0.714160570437442,0.716229710820896,0.619455368259736,0.796851276666051,0.0450078024113639,0.177395908406314
"160803",2010,52,1,"m3",0.732043786980788,0.73385352806179,0.64183261620362,0.811676341120899,0.0431413402028838,0.169843724917279
"160804",2010,53,1,"m3",0.711993261226018,0.714358298303905,0.610630784934198,0.799662738047912,0.0479752786784665,0.189031953113714
"160101",2011,1,2,"m3",0.811887932971654,0.813048041161922,0.775554121835421,0.841632398893232,0.016713804806688,0.066078277057811
"160102",2011,2,2,"m3",0.725676870313407,0.727407149750264,0.642059805812633,0.799266332741586,0.0398727127141995,0.157206526928953
"160103",2011,3,2,"m3",0.744199814390472,0.744780229735831,0.692881382835177,0.792118274754955,0.0251644476831004,0.0992368919197782
"160104",2011,4,2,"m3",0.735575213121031,0.736776127462508,0.673693732861552,0.790421171556053,0.0294227731533881,0.1167274386945
"160105",2011,5,2,"m3",0.719139773737541,0.719957723981323,0.672989159761431,0.760620228770911,0.0222582943883437,0.0876310690094801
"160106",2011,6,2,"m3",0.73723259012648,0.738651657066174,0.667003097662483,0.799197591273274,0.0334538767981157,0.132194493610791
"160107",2011,7,2,"m3",0.714821157532497,0.716543089297741,0.629853279956716,0.789764832726736,0.0405017277993802,0.159911552770021
"160108",2011,8,2,"m3",0.794748621761415,0.79642796754924,0.744958918412932,0.834916211028214,0.0227322736356197,0.0899572926152821
"160110",2011,9,2,"m3",0.731331250196935,0.733026870972031,0.650306964239887,0.802511427608892,0.0386026966091787,0.152204463369005
"160112",2011,10,2,"m3",0.797526714341144,0.797468057484435,0.778332139422524,0.817044740300845,0.00980496586104067,0.0387126008783212
"160113",2011,11,2,"m3",0.772151047215425,0.773551067797614,0.716983597207706,0.819331095408069,0.025844338049685,0.102347498200363
"160201",2011,12,2,"m3",0.785557997362439,0.785505375248578,0.76540331096562,0.806000293091895,0.0103227458322763,0.0405969821262752
"160202",2011,13,2,"m3",0.64788210598858,0.648129732994325,0.606786204623093,0.687594235606988,0.0205586482153453,0.0808080309838956
"160205",2011,14,2,"m3",0.727201746644985,0.727182923582754,0.67792944418233,0.77652805789894,0.0249559599390906,0.0985986137166095
"160206",2011,15,2,"m3",0.732258328313518,0.73347263519008,0.672728331372764,0.78481719758079,0.0284709251089903,0.112088866208026
"160210",2011,16,2,"m3",0.723149368498159,0.724693245927867,0.66609749017662,0.771455171533187,0.0267613889541764,0.105357681356567
"160211",2011,17,2,"m3",0.714673137914597,0.715482421007444,0.671458962317163,0.753303882399702,0.0208038434362808,0.081844920082539
"160301",2011,18,2,"m3",0.739520329755615,0.74001549588327,0.700516775536619,0.775698620616831,0.0191116879570598,0.0751818450802114
"160302",2011,19,2,"m3",0.744762205992464,0.746669552987891,0.662280732103993,0.816211672513383,0.0390152659120982,0.153930940409391
"160303",2011,20,2,"m3",0.708013906852159,0.710266290587407,0.610050033821323,0.792939127029691,0.0464191757599391,0.182889093208368
"160304",2011,21,2,"m3",0.696078955247018,0.697961459165871,0.601197520116511,0.779954560272223,0.0453751419419756,0.178757040155711
"160305",2011,22,2,"m3",0.718226653705,0.720245167563974,0.633378024741006,0.791454331598747,0.0401078291773961,0.158076306857741
"160401",2011,23,2,"m3",0.734210073222611,0.735301519071276,0.667922984520916,0.79412658395669,0.0319023900811252,0.126203599435774
"160402",2011,24,2,"m3",0.743089728565906,0.744019687476941,0.687566420268885,0.793072135334898,0.0266460665210989,0.105505715066014
"160403",2011,25,2,"m3",0.731712884484658,0.733744624165322,0.642260210939973,0.809363335398243,0.0423893558213259,0.16710312445827
"160404",2011,26,2,"m3",0.704187967744947,0.705365156931977,0.648190402378058,0.753448510497263,0.026563585009254,0.105258108119204
"160501",2011,27,2,"m3",0.729458599296332,0.731841894464902,0.664370592740866,0.781192024221393,0.0296417704529586,0.116821431480526
"160502",2011,28,2,"m3",0.724457591759408,0.727022448958073,0.625235077020143,0.808828107668377,0.0466001912496148,0.183593030648234
"160503",2011,29,2,"m3",0.729595733961095,0.731003297256235,0.667783752037513,0.783206268144156,0.0291123759053608,0.115422516106643
"160504",2011,30,2,"m3",0.724903691465611,0.726669596893464,0.648675180109235,0.790928344850779,0.0359956809339625,0.142253164741544
"160505",2011,31,2,"m3",0.729297720990506,0.731323398297457,0.651536528613672,0.79538255493294,0.03636937807685,0.143846026319269
"160506",2011,32,2,"m3",0.736247393159862,0.737988641914511,0.659025453252201,0.803347367885786,0.036445173935609,0.144321914633584
"160507",2011,33,2,"m3",0.747558314354383,0.748509102611952,0.690201964940802,0.79932285682129,0.0275654720588424,0.109120891880488
"160508",2011,34,2,"m3",0.718689286515256,0.720906298459003,0.622808876670975,0.801699256677289,0.0453851269116691,0.178890380006314
"160509",2011,35,2,"m3",0.726133965986856,0.727719399416801,0.645749482076141,0.797322645717291,0.0384193745620378,0.151573163641151
"160510",2011,36,2,"m3",0.740921818696237,0.741406024340034,0.700898960765088,0.778104446645347,0.0195294493297143,0.0772054858802588
"160511",2011,37,2,"m3",0.715347808176533,0.717622714898807,0.620282176021216,0.797234780543523,0.0448899209162841,0.176952604522307
"160601",2011,38,2,"m3",0.76195899298167,0.763896940708114,0.687737993920224,0.82498565173265,0.0347891878464857,0.137247657812426
"160602",2011,39,2,"m3",0.786916905095825,0.787663631526206,0.746883545716514,0.822584275533685,0.0191779660115083,0.0757007298171701
"160603",2011,40,2,"m3",0.736515438649871,0.736979241506527,0.690606667118468,0.779788706103568,0.0226819174198912,0.0891820389850994
"160604",2011,41,2,"m3",0.739829121060107,0.741694404564467,0.656830543748545,0.812032207325754,0.0393772670650236,0.155201663577209
"160605",2011,42,2,"m3",0.738449601736105,0.739166526974965,0.691980416272119,0.780820905769459,0.0226031430970029,0.0888404894973397
"160606",2011,43,2,"m3",0.786510143927131,0.786879006459287,0.754718817853538,0.816172065604323,0.0156262802814947,0.0614532477507845
"160701",2011,44,2,"m3",0.724258198891243,0.724821848475831,0.676911033287158,0.76836135476125,0.0231609903502228,0.0914503214740918
"160702",2011,45,2,"m3",0.688470362005426,0.688258608460178,0.639418661112638,0.738631570995703,0.0251233225324497,0.0992129098830647
"160703",2011,46,2,"m3",0.717777947676339,0.718327910881673,0.651359957677267,0.780857261075727,0.0328048210756582,0.12949730339846
"160704",2011,47,2,"m3",0.657987007531049,0.658215180387092,0.589911125000412,0.724570713000344,0.034290962155057,0.134659587999932
"160705",2011,48,2,"m3",0.688113088913125,0.689494672797374,0.60025888379488,0.767723531666707,0.042363823153791,0.167464647871827
"160706",2011,49,2,"m3",0.624782628728229,0.624867705426693,0.550109026701911,0.698827071566742,0.0376508273476836,0.14871804486483
"160801",2011,50,2,"m3",0.761520269227715,0.763143925627297,0.68579286648695,0.827872773188302,0.0361365636000545,0.142079906701353
"160802",2011,51,2,"m3",0.718321345365651,0.720433003579078,0.624542878165155,0.799831798027452,0.0444668070784938,0.175288919862297
"160803",2011,52,2,"m3",0.736035694649915,0.737886874988169,0.6466343892424,0.814611775469905,0.0426637521768451,0.167977386227505
"160804",2011,53,2,"m3",0.716171485374986,0.718581993432287,0.615825125585417,0.802557354076498,0.0473846732908027,0.186732228491081
"160101",2012,1,3,"m3",0.808749849968849,0.810052279465568,0.771420601361067,0.838716188746391,0.0170390838529714,0.0672955873853236
"160102",2012,2,3,"m3",0.721625183661497,0.72341651130381,0.637002530525813,0.795879881703053,0.0402961678636636,0.15887735117724
"160103",2012,3,3,"m3",0.740304482064434,0.740993826103206,0.688019313635014,0.788573431509321,0.0254958193135591,0.100554117874308
"160104",2012,4,3,"m3",0.731586437390939,0.732950458057045,0.668145081097543,0.787085223178274,0.0299890604742507,0.118940142080732
"160105",2012,5,3,"m3",0.714999720235491,0.715946240700375,0.667685778943408,0.756932954985063,0.0226741310385225,0.0892471760416547
"160106",2012,6,3,"m3",0.733281109507773,0.734811925742502,0.662000058697414,0.795671976308635,0.0338265856299797,0.133671917611221
"160107",2012,7,3,"m3",0.710663534321836,0.712496762554073,0.624331126835006,0.786350443275907,0.0410404255628596,0.1620193164409
"160108",2012,8,3,"m3",0.791395063623803,0.793227095138085,0.740281315129363,0.832065960414878,0.0232092537119337,0.0917846452855146
"160110",2012,9,3,"m3",0.727322928242173,0.729117350865992,0.64502727151674,0.799220178672748,0.0391068787659637,0.154192907156009
"160112",2012,10,3,"m3",0.794213209829163,0.794305279935078,0.77441200466301,0.813493035461061,0.00989898794796393,0.0390810307980509
"160113",2012,11,3,"m3",0.768548783562283,0.77009368416987,0.712251779548298,0.816055865674787,0.026223554854147,0.10380408612649
"160201",2012,12,3,"m3",0.782107963868539,0.78216279137802,0.761763542943331,0.802133950005779,0.0102623319421128,0.0403704070624475
"160202",2012,13,3,"m3",0.643216943334592,0.643578128296264,0.601240080598195,0.683166145471308,0.0208480125747718,0.0819260648731126
"160205",2012,14,3,"m3",0.72316198728014,0.723235650681396,0.673630037945751,0.772232375027014,0.0249411647686626,0.0986023370812631
"160206",2012,15,3,"m3",0.728245055710499,0.729569273214053,0.667547633516678,0.781350309424004,0.028908841693593,0.113802675907325
"160210",2012,16,3,"m3",0.719040309507327,0.720722023827635,0.660486864957787,0.768115255448493,0.0273506661521193,0.107628390490706
"160211",2012,17,3,"m3",0.710501730593119,0.711420785130466,0.666609278580147,0.749205460449836,0.0210061821127393,0.082596181869689
"160301",2012,18,3,"m3",0.735571227539638,0.736173051640336,0.695628172121039,0.772085201627887,0.0194398828493561,0.0764570295068481
"160302",2012,19,3,"m3",0.740883831052249,0.742896349311874,0.657078897510471,0.813078904708834,0.0395414591920837,0.156000007198364
"160303",2012,20,3,"m3",0.703826127166336,0.706132435403051,0.604987372588504,0.789329200444752,0.0467831092579901,0.184341827856248
"160304",2012,21,3,"m3",0.691798905224321,0.693746713027462,0.596247826920856,0.775991215303145,0.0456156790373453,0.179743388382289
"160305",2012,22,3,"m3",0.714098552201068,0.716212830550199,0.62794787300868,0.788099617629895,0.0406390506219922,0.160151744621215
"160401",2012,23,3,"m3",0.730237093007978,0.731439957608203,0.66318320451165,0.790298943380825,0.0321306044890138,0.127115738869174
"160402",2012,24,3,"m3",0.739192528164256,0.740258137674803,0.682789749786858,0.789265370218727,0.0268789186496652,0.106475620431869
"160403",2012,25,3,"m3",0.727717539886932,0.729799525351316,0.63715455698224,0.80619862428703,0.0428805188880467,0.16904406730479
"160404",2012,26,3,"m3",0.699929891046335,0.701280903188048,0.642842529660534,0.749295763410448,0.0268755373946706,0.106453233749913
"160501",2012,27,3,"m3",0.725391768324056,0.727937162405075,0.658220248980255,0.778339585114497,0.0305067406225787,0.120119336134243
"160502",2012,28,3,"m3",0.720397541272545,0.723021692761229,0.619908863493482,0.805711566019391,0.0471636079972989,0.18580270252591
"160503",2012,29,3,"m3",0.725547542695268,0.727120484960541,0.662103059223699,0.779862630935565,0.0297178481751633,0.117759571711866
"160504",2012,30,3,"m3",0.720825015697308,0.722714922576676,0.643150444257863,0.787613776779395,0.0365642620308962,0.144463332521531
"160505",2012,31,3,"m3",0.725258340537524,0.727421027083884,0.64597599986522,0.792115880480566,0.0369625620369486,0.146139880615346
"160506",2012,32,3,"m3",0.732286427463911,0.734159793511894,0.653811746861361,0.79991460290264,0.0368973378432771,0.146102856041279
"160507",2012,33,3,"m3",0.743707304326736,0.74478209336856,0.685513851866974,0.795613143441947,0.0278077422758727,0.110099291574974
"160508",2012,34,3,"m3",0.714577315943608,0.716834456832295,0.617554568214456,0.798510127920643,0.0459097803369943,0.180955559706187
"160509",2012,35,3,"m3",0.7220715048351,0.723747101018117,0.64033759636404,0.794107927757764,0.0389814311598219,0.153770331393724
"160510",2012,36,3,"m3",0.736994710802832,0.737612149462113,0.696272682330898,0.774124147012165,0.0196918715167977,0.0778514646812665
"160511",2012,37,3,"m3",0.711205794231569,0.713543759217062,0.614949524780205,0.793936443591644,0.0454084193766816,0.178986918811438
"160601",2012,38,3,"m3",0.75825516032664,0.760292613391753,0.682839042815878,0.821923445453428,0.03525848847455,0.13908440263755
"160602",2012,39,3,"m3",0.783461091101876,0.784338032744942,0.741951126185201,0.819865450409883,0.019743593822868,0.0779143242246824
"160603",2012,40,3,"m3",0.732551610591366,0.733098607905092,0.68613346070065,0.77585573048718,0.022821493480892,0.0897222697865298
"160604",2012,41,3,"m3",0.735900901513695,0.737832718693956,0.651666213528476,0.808971179309974,0.0399146445817735,0.157304965781499
"160605",2012,42,3,"m3",0.734471052641324,0.735304685443941,0.686206848135143,0.777978131574136,0.0233489026288104,0.0917712834389924
"160606",2012,43,3,"m3",0.783049996849171,0.783526592059961,0.749898515784725,0.813458640378431,0.0161628661256709,0.0635601245937057
"160701",2012,44,3,"m3",0.720172831839356,0.720868407994979,0.671922687381776,0.764422008663191,0.0234270655577523,0.0924993212814147
"160702",2012,45,3,"m3",0.684098263582886,0.684010586918162,0.634679301231835,0.733937682148335,0.0251245499630899,0.0992583809164991
"160703",2012,46,3,"m3",0.713660446837158,0.714300330442064,0.646697662604741,0.776772802971845,0.0329373603158898,0.130075140367103
"160704",2012,47,3,"m3",0.653415696976903,0.653715996232036,0.585142160116567,0.719814754968517,0.0342839384794416,0.13467259485195
"160705",2012,48,3,"m3",0.68376296684167,0.685247369526692,0.595163341003465,0.763561554332521,0.042589355565384,0.168398213329056
"160706",2012,49,3,"m3",0.620021924654408,0.620240681205647,0.54486258080255,0.693823131835915,0.0377070551489217,0.148960551033366
"160801",2012,50,3,"m3",0.757823406979989,0.759491345276562,0.681220828732864,0.824802894078633,0.0365168497916389,0.143582065345769
"160802",2012,51,3,"m3",0.714210564107045,0.716351783671184,0.619457359873123,0.796533885135922,0.0449190286588665,0.177076525262799
"160803",2012,52,3,"m3",0.7320767488774,0.733966929779912,0.641486252687294,0.8116229606656,0.0432114047890914,0.170136707978306
"160804",2012,53,3,"m3",0.712055349992659,0.714487484436083,0.610884672454776,0.799154799083737,0.0477726025527935,0.188270126628961
"160101",2013,1,4,"m3",0.817089913570775,0.818360650211362,0.780789642306183,0.846226506514476,0.0165755356320317,0.0654368642082932
"160102",2013,2,4,"m3",0.732446139056924,0.734269028661139,0.64954991011713,0.804798931923194,0.0393798104810395,0.155249021806064
"160103",2013,3,4,"m3",0.750733711786969,0.751396617417625,0.700771104003148,0.79684091005407,0.024356232216083,0.0960698060509219
"160104",2013,4,4,"m3",0.74220618418891,0.743580153210861,0.680398996697213,0.796024887028851,0.0291482843799309,0.115625890331638
"160105",2013,5,4,"m3",0.726074909425742,0.726976340947748,0.681097813669705,0.765923744904031,0.0215506529548938,0.0848259312343265
"160106",2013,6,4,"m3",0.743828347958433,0.745383893019899,0.673967031887835,0.804670127871784,0.0330830110226028,0.130703095983949
"160107",2013,7,4,"m3",0.721748844724533,0.723626238805714,0.63712837393694,0.795480505736491,0.0401179871855469,0.15835213179955
"160108",2013,8,4,"m3",0.800299469980084,0.802097427543239,0.750714599021952,0.839646815583146,0.0224956190414595,0.088932216561194
"160110",2013,9,4,"m3",0.738011380686916,0.739835872909125,0.657530785466636,0.80792752793646,0.0381465719757324,0.150396742469824
"160112",2013,10,4,"m3",0.803053372686783,0.803083911188437,0.784108158347847,0.821809161641561,0.00955213513819832,0.0377010032937145
"160113",2013,11,4,"m3",0.778147498990468,0.779690322775204,0.72330651293368,0.824226399266351,0.0255011580884551,0.100919886332671
"160201",2013,12,4,"m3",0.791330776381591,0.791321391211389,0.771812668054951,0.810883738198157,0.00993478504045194,0.0390710701432062
"160202",2013,13,4,"m3",0.655713082307792,0.656056707614083,0.614413814283979,0.695086763978034,0.0205321067945283,0.0806729496940558
"160205",2013,14,4,"m3",0.734008356713593,0.73410910550501,0.68580228263495,0.781606875424823,0.0242355806430527,0.0958045927898731
"160206",2013,15,4,"m3",0.73894810218125,0.740274512026717,0.67969147858822,0.79060411524296,0.028177971849249,0.11091263665474
"160210",2013,16,4,"m3",0.729976290855844,0.731644203139672,0.672756573640821,0.777798433914752,0.0266984523125976,0.105041860273931
"160211",2013,17,4,"m3",0.721660717112843,0.722553392580624,0.678900405229498,0.759384182724614,0.0204736515054163,0.0804837774951161
"160301",2013,18,4,"m3",0.746121267735379,0.74669274512798,0.707735059737206,0.781252211894778,0.0186914721904799,0.0735171521575722
"160302",2013,19,4,"m3",0.751210993394371,0.75325356747654,0.669216590842953,0.821431785310406,0.0385858199229814,0.152215194467453
"160303",2013,20,4,"m3",0.715053686287921,0.71740038791729,0.618334950679827,0.798209697685407,0.0456520877358958,0.17987474700558
"160304",2013,21,4,"m3",0.703296807968346,0.705295232909865,0.60965991797724,0.785292643456611,0.0445717976334022,0.17563272547937
"160305",2013,22,4,"m3",0.725101155371644,0.72724695827079,0.640631961293826,0.797246828620731,0.0397481854958726,0.156614867326904
"160401",2013,23,4,"m3",0.740871444630979,0.742105834266518,0.675168265154481,0.799410848214903,0.03140932539884,0.124242583060423
"160402",2013,24,4,"m3",0.749621466434782,0.750695561618179,0.694713053320177,0.79815565582218,0.0261092787777574,0.103442602502004
"160403",2013,25,4,"m3",0.738385947585168,0.74049125335947,0.649960811303628,0.814600743914128,0.0417646984298823,0.1646399326105
"160404",2013,26,4,"m3",0.711312924793479,0.712675492952869,0.655341588195741,0.75951249632556,0.0263053029321248,0.104170908129819
"160501",2013,27,4,"m3",0.736150353426752,0.738676597410824,0.67022443878903,0.787969404739584,0.0299160379990909,0.117744965950554
"160502",2013,28,4,"m3",0.731226363781082,0.733884805379975,0.632934935663674,0.814152121644899,0.0460032882432786,0.181217185981224
"160503",2013,29,4,"m3",0.736300913792715,0.737897812146279,0.673843225331917,0.789505033560918,0.0291955912324586,0.115661808229001
"160504",2013,30,4,"m3",0.73170514297963,0.733599913870513,0.656200205140126,0.79630324099996,0.0354581150377637,0.140103035859834
"160505",2013,31,4,"m3",0.73601592438553,0.738191801156974,0.658668168508654,0.800873854015421,0.035969375634053,0.142205685506767
"160506",2013,32,4,"m3",0.742866409225378,0.744760404566704,0.66636252995466,0.808415535479311,0.0358713052440892,0.142053005524652
"160507",2013,33,4,"m3",0.753997550586134,0.75509536513632,0.696930697144005,0.804656437996919,0.0272103213985945,0.107725740852914
"160508",2013,34,4,"m3",0.72555276168527,0.727842659450968,0.630623166725754,0.807209030113099,0.0448035322195167,0.176585863387345
"160509",2013,35,4,"m3",0.732898552607113,0.734595247777235,0.653107032908925,0.802876966008318,0.037966794393895,0.149769933099393
"160510",2013,36,4,"m3",0.747487389622213,0.748102637508327,0.707499347753192,0.783900908696213,0.0193275113925608,0.076401560943021
"160511",2013,37,4,"m3",0.72226007911547,0.72463659333079,0.627953941705055,0.802824122722271,0.0443678981291057,0.174870181017216
"160601",2013,38,4,"m3",0.76812031599094,0.770163404729416,0.694507996875907,0.829961014165694,0.0343428417416133,0.135453017289787
"160602",2013,39,4,"m3",0.79262785591456,0.793484378598665,0.752449317235216,0.827820487768096,0.0190984334114073,0.0753711705328798
"160603",2013,40,4,"m3",0.743155770173868,0.743709980643924,0.697705138295297,0.785448607971665,0.0223198630823686,0.0877434696763683
"160604",2013,41,4,"m3",0.746362939368126,0.748314025470151,0.664037659674795,0.817418498265038,0.0389218018732875,0.153380838590243
"160605",2013,42,4,"m3",0.74502386184219,0.745850063008888,0.697792936093538,0.78754361084629,0.0228350438396055,0.089750674752752
"160606",2013,43,4,"m3",0.792245744481129,0.792682551562351,0.760605125247492,0.821371147629015,0.0154519878391318,0.0607660223815232
"160701",2013,44,4,"m3",0.731084395054092,0.731791593295974,0.68366877741824,0.774435385093974,0.0229951065126108,0.0907666076757341
"160702",2013,45,4,"m3",0.695815942576552,0.695778070665304,0.646778910562765,0.744984327784517,0.0248647670895049,0.0982054172217522
"160703",2013,46,4,"m3",0.724710434054195,0.725389591321972,0.659238440479279,0.786121812702568,0.0321304538570267,0.126883372223289
"160704",2013,47,4,"m3",0.665708330736208,0.666041888692132,0.598807784452868,0.730549984441751,0.0335346105439641,0.131742199988883
"160705",2013,48,4,"m3",0.695447688569197,0.696980673302103,0.608701040128361,0.773131200181946,0.0415843746871937,0.164430160053585
"160706",2013,49,4,"m3",0.632838008852137,0.633074724409962,0.559717324329046,0.704502091681039,0.0366338156818291,0.144784767351993
"160801",2013,50,4,"m3",0.76769605834872,0.76937656104682,0.692943932187643,0.83275589894113,0.0355602542096578,0.139811966753488
"160802",2013,51,4,"m3",0.725191619101238,0.727368335516382,0.632323639026679,0.805430376723251,0.0439153397445674,0.173106737696572
"160803",2013,52,4,"m3",0.742623817559472,0.744541956201061,0.654057171721858,0.819992988688983,0.0421464164126682,0.165935816967125
"160804",2013,53,4,"m3",0.723075767059191,0.725551255416746,0.623912867652426,0.807921878560359,0.04669466108616,0.184009010907933
"160101",2014,1,5,"m3",0.812594931895785,0.813876847109448,0.775138235253577,0.842859676701206,0.0171647881540463,0.0677214414476287
"160102",2014,2,5,"m3",0.726616219208974,0.728421349365878,0.642472215422188,0.800321195407477,0.0400391890023681,0.15784897998529
"160103",2014,3,5,"m3",0.745133039195741,0.745795956343352,0.694003565141909,0.79241035011674,0.0249530915756324,0.0984067849748312
"160104",2014,4,5,"m3",0.736497023076476,0.737870856482692,0.673695603728201,0.791328762667538,0.0296555506316493,0.117633158939337
"160105",2014,5,5,"m3",0.720129594431348,0.721021317408142,0.674287422554256,0.760910833214728,0.0220111093104573,0.0866234106604725
"160106",2014,6,5,"m3",0.738142907088667,0.73969587189201,0.667038496555049,0.800253947211445,0.0337209741722507,0.133215450656396
"160107",2014,7,5,"m3",0.715777673675717,0.717639609980834,0.629934957300825,0.790829783862766,0.0407625755288837,0.16089482656194
"160108",2014,8,5,"m3",0.795510460413272,0.797327030466338,0.744843883357859,0.835867436362051,0.0230312295162677,0.091023553004192
"160110",2014,9,5,"m3",0.732255559362429,0.734068783963824,0.650514961288528,0.803505181816831,0.0388064557056164,0.152990220528302
"160112",2014,10,5,"m3",0.798304037710166,0.798323193979138,0.778583175125628,0.817879386610247,0.00997460502979798,0.0392962114846187
"160113",2014,11,5,"m3",0.772975188537492,0.774533706484154,0.716843287750718,0.820273907186068,0.0261454161335114,0.10343061943535
"160201",2014,12,5,"m3",0.78636858254572,0.786340400163063,0.765735960794006,0.807121257535591,0.0105379814519084,0.0413852967415851
"160202",2014,13,5,"m3",0.648975972046468,0.649310677664696,0.606688252541113,0.689392893025065,0.0210537838041894,0.0827046404839517
"160205",2014,14,5,"m3",0.72815716405825,0.728274763155274,0.678384624657729,0.777215514816961,0.0250181235405587,0.098830890159233
"160206",2014,15,5,"m3",0.733182414734764,0.734506740718527,0.67272704351069,0.786059103930912,0.0287980662461742,0.113332060420222
"160210",2014,16,5,"m3",0.724081625686553,0.725737660986864,0.665644406205641,0.773210105455616,0.0273489076388741,0.107565699249975
"160211",2014,17,5,"m3",0.715640493376504,0.716530144499974,0.671333737989859,0.754946178679845,0.0212753743667605,0.0836124406899862
"160301",2014,18,5,"m3",0.74045098051264,0.741019771381222,0.70114586928069,0.776521681807253,0.0191657492600543,0.0753758125265636
"160302",2014,19,5,"m3",0.745641172636086,0.747678574166576,0.662212254588543,0.817338174538181,0.0393286354179194,0.155125919949638
"160303",2014,20,5,"m3",0.709022061218661,0.7113264336819,0.611317667265636,0.793408087585947,0.0462095979747874,0.182090420320311
"160304",2014,21,5,"m3",0.697113289027164,0.69907229419209,0.602467988045423,0.780343139609137,0.045134835910731,0.177875151563714
"160305",2014,22,5,"m3",0.719170400477682,0.721303106892498,0.633414873850815,0.792688698117406,0.0404261758984946,0.159273824266591
"160401",2014,23,5,"m3",0.735139156365102,0.736373374272018,0.668185901827997,0.794936251957358,0.032047511049934,0.126750350129361
"160402",2014,24,5,"m3",0.744017823335276,0.74509149216205,0.688233755101838,0.793439851709796,0.0265534503893255,0.105206096607958
"160403",2014,25,5,"m3",0.732646569003214,0.734731513684155,0.642957749227877,0.81024326213546,0.0424361956001916,0.167285512907583
"160404",2014,26,5,"m3",0.705180829061408,0.706544494271703,0.648180000404675,0.754440602844614,0.0268422521708408,0.106260602439939
"160501",2014,27,5,"m3",0.730347288370496,0.732878776477936,0.663187598838073,0.783416438740552,0.0305571543792974,0.120228839902479
"160502",2014,28,5,"m3",0.725400488806982,0.728033255770888,0.625838257451487,0.809750565143492,0.0466877221819737,0.183912307692005
"160503",2014,29,5,"m3",0.730498502747579,0.732104671204662,0.66677149208665,0.784944569134085,0.0298370906658223,0.118173077047435
"160504",2014,30,5,"m3",0.72587056699674,0.727751331433835,0.649535400398647,0.791394911947125,0.0359008683482666,0.141859511548478
"160505",2014,31,5,"m3",0.730238535923836,0.732409107517662,0.651927424845573,0.796114098900024,0.0364693944546114,0.144186674054451
"160506",2014,32,5,"m3",0.737173162032875,0.73906488160924,0.659388095852685,0.804035415202735,0.0365295704827548,0.14464731935005
"160507",2014,33,5,"m3",0.748444991908102,0.749550123148566,0.690024863978965,0.800427686500104,0.027893276196382,0.110402822521139
"160508",2014,34,5,"m3",0.719646521488464,0.721905554413356,0.623493164478123,0.802704719099998,0.0454697494458343,0.179211554621875
"160509",2014,35,5,"m3",0.727075554121993,0.728754728367994,0.646148606280136,0.798294066815952,0.0385682818202914,0.152145460535816
"160510",2014,36,5,"m3",0.7418287938429,0.742445416193566,0.70055921163941,0.779524303626414,0.0199837504221657,0.0789650919870037
"160511",2014,37,5,"m3",0.716306362063154,0.718658148871468,0.620726719537307,0.798290557392507,0.0450513370369225,0.1775638378552
"160601",2014,38,5,"m3",0.762803347538046,0.76485155722224,0.687809188492826,0.826006763288291,0.0350411822556291,0.138197574795465
"160602",2014,39,5,"m3",0.78769554416734,0.788556468442173,0.746412461185568,0.823977444424788,0.0196594079589706,0.0775649832392209
"160603",2014,40,5,"m3",0.737444422289782,0.737996149119574,0.690946673447312,0.780796678018945,0.0228591624875162,0.0898500045716328
"160604",2014,41,5,"m3",0.740726962737006,0.742664466223951,0.65707464602334,0.813189658927283,0.039617449040148,0.156115012903943
"160605",2014,42,5,"m3",0.739339084926927,0.740164709579192,0.691013397235719,0.78296328495534,0.0233961044811443,0.0919498877196215
"160606",2014,43,5,"m3",0.787305726818035,0.787738995762193,0.754689507219951,0.81742814315338,0.0159559455152726,0.0627386359334283
"160701",2014,44,5,"m3",0.725198261586752,0.725908452382693,0.676482456239959,0.769837636939177,0.0236595764285075,0.0933551806992182
"160702",2014,45,5,"m3",0.689491430862445,0.689455348609592,0.639207904224362,0.739881027394663,0.0255009865601128,0.100673123170301
"160703",2014,46,5,"m3",0.718770775578448,0.719427797738183,0.652478379389554,0.781126643670229,0.0325749482011561,0.128648264280675
"160704",2014,47,5,"m3",0.65908681371993,0.659402161354589,0.591258630652847,0.724961705373523,0.0340345352645006,0.133703074720675
"160705",2014,48,5,"m3",0.689158702034046,0.690669383732801,0.6013136961615,0.768081628018164,0.0421779138451947,0.166767931856664
"160706",2014,49,5,"m3",0.625937760512986,0.62615286271824,0.55197017348458,0.698581968185573,0.0370991610575976,0.146611794700993
"160801",2014,50,5,"m3",0.762372521143626,0.764050550380893,0.686183786185218,0.828880975996848,0.0362965332753274,0.142697189811629
"160802",2014,51,5,"m3",0.719273475118036,0.72142289625971,0.625093626868356,0.800979546620618,0.0446209190804339,0.175885919752262
"160803",2014,52,5,"m3",0.73694189247981,0.738836697957184,0.647025549482048,0.815788821827169,0.0428678017829605,0.16876327234512
"160804",2014,53,5,"m3",0.717139515993175,0.719581696571286,0.616685985924577,0.803468933719652,0.0473982897282152,0.186782947795075
"160101",2015,1,6,"m3",0.783036639673197,0.784476605923826,0.742381657385232,0.815596813595116,0.0185396153322117,0.0732151562098844
"160102",2015,2,6,"m3",0.688926276314,0.69055743490181,0.599874868090771,0.768536581886489,0.0427644626975372,0.168661713795718
"160103",2015,3,6,"m3",0.708745664958229,0.709401653789919,0.652958592738084,0.760708310389442,0.0273145011245793,0.107749717651358
"160104",2015,4,6,"m3",0.69945484865488,0.700810065819785,0.632462606497319,0.758578576516488,0.0317743098035016,0.126115970019169
"160105",2015,5,6,"m3",0.681666057586322,0.682618453011508,0.632080013429861,0.72586085455598,0.0238206926050527,0.093780841126119
"160106",2015,6,6,"m3",0.701309892909161,0.702784550814844,0.625904011445631,0.768162862178979,0.0359842906214634,0.142258850733348
"160107",2015,7,6,"m3",0.677248762591579,0.678941834689392,0.586467411158474,0.75820691043436,0.0434914184953726,0.171739499275886
"160108",2015,8,6,"m3",0.764070485154819,0.766042377107964,0.70869185495745,0.808274079638182,0.0251738278736371,0.0995822246807314
"160110",2015,9,6,"m3",0.694989628390667,0.696673747627134,0.60790700273841,0.772317824134823,0.0416872568307532,0.164410821396412
"160112",2015,10,6,"m3",0.767091887509472,0.76716985957504,0.747510114471471,0.78622959954649,0.00980887216242255,0.038719485075019
"160113",2015,11,6,"m3",0.739239963684402,0.740847183899803,0.678878554108807,0.790494974348625,0.0281918427180315,0.111616420239818
"160201",2015,12,6,"m3",0.753869945542718,0.753897031271401,0.732846160514683,0.774723308798226,0.0106435740217985,0.0418771482835432
"160202",2015,13,6,"m3",0.606085230020475,0.606406045905174,0.563760788544004,0.646619021091427,0.0210849043598188,0.0828582325474225
"160205",2015,14,6,"m3",0.690380454999513,0.690415390302745,0.637723637191879,0.742807352353939,0.026588414022096,0.10508371516206
"160206",2015,15,6,"m3",0.695855268006593,0.697155993397193,0.631549960694116,0.75271074600754,0.0307760182689606,0.121160785313423
"160210",2015,16,6,"m3",0.68599873196613,0.687702425488603,0.623825714930853,0.738614826589504,0.029174774390549,0.114789111658651
"160211",2015,17,6,"m3",0.676849419679262,0.677797425554401,0.630070328998644,0.718296653806913,0.0224404045315159,0.0882263248082693
"160301",2015,18,6,"m3",0.70363111399152,0.704225984414391,0.661749392835044,0.742129396709138,0.0204337888212318,0.0803800038740946
"160302",2015,19,6,"m3",0.709519328570318,0.711443064754523,0.620176595677843,0.787789627033812,0.0424816673669951,0.167613031355969
"160303",2015,20,6,"m3",0.670080689795375,0.672154944446786,0.566837526684329,0.761330574405088,0.0493393378348446,0.19449304772076
"160304",2015,21,6,"m3",0.657327425435254,0.659041534612083,0.558049795498478,0.746591148204583,0.0478244629426724,0.188541352706106
"160305",2015,22,6,"m3",0.680894386541472,0.68288572431057,0.590118969773746,0.760248936964418,0.0431651300680902,0.170129967190673
"160401",2015,23,6,"m3",0.698038604588653,0.69917653952005,0.627459752158968,0.76201233813206,0.033994664507865,0.134552585973092
"160402",2015,24,6,"m3",0.707570591314992,0.708646856786219,0.647552477775764,0.761186665557108,0.0286693817600589,0.113634187781344
"160403",2015,25,6,"m3",0.695471568294305,0.697372216397795,0.599951885376294,0.779954016581438,0.0456449998354424,0.180002131205144
"160404",2015,26,6,"m3",0.665697935487421,0.667084033939321,0.606320936664534,0.717181534733319,0.027974599299077,0.110860598068785
"160501",2015,27,6,"m3",0.692808683511469,0.695432277193657,0.621295216770328,0.749730983957312,0.0326228198932324,0.128435767186984
"160502",2015,28,6,"m3",0.687715585624557,0.690132764041663,0.582002211165558,0.779458041668497,0.0501064507881004,0.197455830502938
"160503",2015,29,6,"m3",0.692962489375485,0.694566671266135,0.625127034987094,0.751514120473928,0.0318944294223022,0.126387085486833
"160504",2015,30,6,"m3",0.68801985891782,0.689838982385101,0.606149971985764,0.759442957478809,0.0387848025803555,0.153292985493045
"160505",2015,31,6,"m3",0.692760728627924,0.694881823984732,0.609070075740809,0.764315172779713,0.0392495043595318,0.155245097038904
"160506",2015,32,6,"m3",0.700272253073209,0.702089373174205,0.617011613405309,0.773049461281425,0.0393966766112663,0.156037847876116
"160507",2015,33,6,"m3",0.712416273888739,0.713497948801835,0.649949599592461,0.768568638551925,0.0299522866935732,0.118619038959464
"160508",2015,34,6,"m3",0.681491128304764,0.68351845019027,0.579649811583873,0.771566646466408,0.0486759387994783,0.191916834882535
"160509",2015,35,6,"m3",0.689380104338484,0.690916488177017,0.603199498194388,0.766672617335411,0.0414301077543405,0.163473119141023
"160510",2015,36,6,"m3",0.705143530646166,0.70579373718172,0.661511180457064,0.744999281976904,0.0211101958545794,0.0834881015198397
"160511",2015,37,6,"m3",0.67789324853223,0.680028546171221,0.576901294537407,0.766536535077119,0.0480955951559652,0.189635240539712
"160601",2015,38,6,"m3",0.728201571613395,0.730205601346254,0.64778643022488,0.797080683352015,0.0378315524583716,0.149294253127136
"160602",2015,39,6,"m3",0.755388414164523,0.756307725090686,0.710607422956821,0.79481529737258,0.0213294714075227,0.084207874415759
"160603",2015,40,6,"m3",0.700435502964183,0.700931247306218,0.65233308144975,0.74571415838988,0.0237477268208077,0.0933810769401304
"160604",2015,41,6,"m3",0.704192262083072,0.705987389558824,0.615005251139654,0.78300680341564,0.0426176100234481,0.168001552275987
"160605",2015,42,6,"m3",0.70247039344115,0.703292418122052,0.651186395955791,0.749071896285149,0.0248991180227968,0.097885500329358
"160606",2015,43,6,"m3",0.754918825159392,0.75539598723971,0.719374992332713,0.787713947189366,0.0173738625367432,0.0683389548566529
"160701",2015,44,6,"m3",0.687186147264458,0.687877687536891,0.636409708582959,0.733986445358266,0.024707733301249,0.0975767367753076
"160702",2015,45,6,"m3",0.64893763536177,0.648784197022211,0.597627599563359,0.701044147640052,0.0261712268788076,0.103416548076692
"160703",2015,46,6,"m3",0.680348223755309,0.68086209922855,0.610239605655365,0.74731485206946,0.0346911233389669,0.137075246414095
"160704",2015,47,6,"m3",0.61684387346142,0.616980119473907,0.546930005867449,0.685820277937017,0.0353465607982626,0.138890272069568
"160705",2015,48,6,"m3",0.648792577771655,0.65008591022149,0.556803357901481,0.733100658943916,0.0445688826402909,0.176297301042435
"160706",2015,49,6,"m3",0.582204205370659,0.58224987562213,0.505724040439653,0.658335917124974,0.0386165443908138,0.152611876685321
"160801",2015,50,6,"m3",0.72774071826893,0.729303196140652,0.645913614795398,0.800544455597207,0.0393204090602045,0.154630840801808
"160802",2015,51,6,"m3",0.68108048456408,0.682999085746158,0.581507033853934,0.769502561314427,0.0476744292842276,0.187995527460493
"160803",2015,52,6,"m3",0.700136259915473,0.70182421944246,0.604307037341378,0.786065110613613,0.0461532414281379,0.181758073272236
"160804",2015,53,6,"m3",0.678837183004989,0.681018635059488,0.572787010110035,0.772263888963942,0.0505989737520406,0.199476878853908
"160101",2016,1,7,"m3",0.781170936164602,0.782604717793192,0.74056041891785,0.813709142387403,0.0185162842859431,0.0731487234695526
"160102",2016,2,7,"m3",0.686587188303294,0.688193374304758,0.597450992240192,0.766427001333305,0.0428418694145714,0.168976009093112
"160103",2016,3,7,"m3",0.706484783788117,0.707115099922379,0.650909717392948,0.758383801216575,0.0272431979970966,0.107474083823626
"160104",2016,4,7,"m3",0.697153218806536,0.698485857715842,0.630236015155862,0.756327063411411,0.0317641588753161,0.12609104825555
"160105",2016,5,7,"m3",0.679287120578372,0.680215550565893,0.63009874966644,0.723202219998948,0.0236437175647183,0.0931034703325081
"160106",2016,6,7,"m3",0.699018912975761,0.700471322506568,0.623594381794246,0.766017550663887,0.0360218141410655,0.142423168869641
"160107",2016,7,7,"m3",0.674863774845805,0.676528516291927,0.584046611989561,0.756021695765553,0.0435490239857522,0.171975083775993
"160108",2016,8,7,"m3",0.762095117439813,0.764060063005932,0.70670227603812,0.806338787498211,0.0251815518601822,0.0996365114600904
"160110",2016,9,7,"m3",0.692676268820971,0.694334903858625,0.605534477412188,0.770209191440018,0.0417514058234299,0.16467471402783
"160112",2016,10,7,"m3",0.765124402303041,0.765161908270327,0.745896956052898,0.784135499225724,0.00967911207343079,0.0382385431728259
"160113",2016,11,7,"m3",0.737129461262678,0.73871971522373,0.676817527867637,0.788434653999393,0.0281861214031464,0.111617126131756
"160201",2016,12,7,"m3",0.751829418286467,0.751816106020789,0.731345697645779,0.772378511077366,0.0104234420355728,0.0410328134315873
"160202",2016,13,7,"m3",0.603461456319957,0.603752199588292,0.561638503822692,0.64366315086832,0.0208709329508024,0.0820246470456275
"160205",2016,14,7,"m3",0.688035336777395,0.688038816844476,0.635551770378876,0.74047754618604,0.0265449104813835,0.104925775807164
"160206",2016,15,7,"m3",0.69353643521823,0.6948176626773,0.629297074554163,0.750432247591194,0.0307672082645246,0.121135173037031
"160210",2016,16,7,"m3",0.683638803558707,0.685330901315239,0.621613477633625,0.736156629976113,0.0291063185246498,0.114543152342488
"160211",2016,17,7,"m3",0.674448240184319,0.675377061279646,0.627977990876445,0.715681611186481,0.0223023486133204,0.0877036203100361
"160301",2016,18,7,"m3",0.701348245998134,0.70191171340724,0.660141057249566,0.739345213677536,0.0201314461777988,0.0792041564279706
"160302",2016,19,7,"m3",0.707270704200225,0.70917014946556,0.617796696424022,0.785811772887243,0.0425804578156478,0.168015076463221
"160303",2016,20,7,"m3",0.667674127731267,0.669716462997718,0.564360344975268,0.759179679107137,0.0494209567844394,0.194819334131868
"160304",2016,21,7,"m3",0.654872078918683,0.656553355767631,0.555544030302472,0.744375995557714,0.0478969818320577,0.188831965255242
"160305",2016,22,7,"m3",0.67852301697319,0.68048910309828,0.587684905299505,0.758084675818553,0.0432316640522394,0.170399770519048
"160401",2016,23,7,"m3",0.69572948713592,0.696844616102352,0.625103198997528,0.759882658846251,0.0340484790618945,0.134779459848723
"160402",2016,24,7,"m3",0.705303741773537,0.706357754415211,0.645402700473838,0.758921691820705,0.0286347651310832,0.113518991346867
"160403",2016,25,7,"m3",0.693163892856319,0.695037686564423,0.597535077868101,0.777911671506236,0.0457378096276094,0.180376593638136
"160404",2016,26,7,"m3",0.663256162505711,0.664622732139243,0.604021430202781,0.714702545590624,0.0279223383927273,0.110681115387842
"160501",2016,27,7,"m3",0.690477858925528,0.693087380574842,0.618978069678895,0.74744550124648,0.0326256355218644,0.128467431567585
"160502",2016,28,7,"m3",0.685379332628939,0.687766877268731,0.57952585921798,0.777433593674746,0.0502187939204065,0.197907734456766
"160503",2016,29,7,"m3",0.690631073545174,0.692216647286442,0.622810410799259,0.749266727365335,0.03190711484435,0.126456316566076
"160504",2016,30,7,"m3",0.685673997599022,0.687469652669702,0.603786098045009,0.75724608828295,0.0388260726172892,0.153459990237941
"160505",2016,31,7,"m3",0.690435275287909,0.692533916971354,0.606707252332515,0.762151699126117,0.0392977633957211,0.155444446793601
"160506",2016,32,7,"m3",0.697979236127744,0.699773765837608,0.614649498794303,0.770954014786586,0.0394602617002767,0.156304515992284
"160507",2016,33,7,"m3",0.71016952356433,0.711231756923092,0.647678005375039,0.766455581340247,0.0299893037106153,0.118777575965208
"160508",2016,34,7,"m3",0.679128180861655,0.681126471550425,0.577181090874399,0.769478272150665,0.0487699764875162,0.192297181276266
"160509",2016,35,7,"m3",0.687042818157921,0.68855311031704,0.600828464941526,0.764520548669083,0.0414839735212531,0.163692083727558
"160510",2016,36,7,"m3",0.702858837139222,0.703489043274072,0.659396555483408,0.742651459411385,0.0210470729064587,0.0832549039279766
"160511",2016,37,7,"m3",0.675515263524713,0.677621770599029,0.574431158768885,0.764417626595398,0.0481825768218011,0.189986467826513
"160601",2016,38,7,"m3",0.726036684785591,0.728023663325831,0.645434133754109,0.795201834423353,0.037949320111713,0.149767700669245
"160602",2016,39,7,"m3",0.753362221382526,0.754265889088451,0.708737853284568,0.792712697039258,0.0212664851706202,0.0839748437546901
"160603",2016,40,7,"m3",0.698128076013444,0.698605585494275,0.650019259087434,0.74351787754221,0.0237762049571575,0.0934986184547761
"160604",2016,41,7,"m3",0.701920139208987,0.70369112531043,0.61263001717823,0.780977473856386,0.0427026401162686,0.168347456678157
"160605",2016,42,7,"m3",0.700179701190152,0.70097959582031,0.649175438572963,0.74662394178524,0.0247860704908632,0.0974485032122776
"160606",2016,43,7,"m3",0.75288732200915,0.75334692769242,0.717593143396627,0.785529241445793,0.0172694497070757,0.0679360980491663
"160701",2016,44,7,"m3",0.684824638973816,0.685494057399589,0.634147507272734,0.73164996419838,0.0246864621834838,0.0975024569256462
"160702",2016,45,7,"m3",0.646434481857728,0.646250197974616,0.59524493653585,0.698600695144987,0.0261524637749449,0.103355758609137
"160703",2016,46,7,"m3",0.677962248862677,0.678455097731581,0.60771328846893,0.745197531770951,0.0347953384535682,0.137484243302021
"160704",2016,47,7,"m3",0.614255894882343,0.614355377785112,0.544590641271676,0.683192784531739,0.035270491557032,0.138602143260062
"160705",2016,48,7,"m3",0.646306116715129,0.647562692778891,0.554362975367803,0.730781377629635,0.0445968242673745,0.176418402261832
"160706",2016,49,7,"m3",0.579542581528122,0.579544252294942,0.503391017778482,0.65560290096779,0.0385100044057307,0.152211883189308
"160801",2016,50,7,"m3",0.725576373514742,0.727117596840628,0.64358872615951,0.798663406670306,0.0394312402931941,0.155074680510796
"160802",2016,51,7,"m3",0.67871411955211,0.680604868053571,0.579025428878137,0.767413654588533,0.0477715447072032,0.188388225710396
"160803",2016,52,7,"m3",0.697849363644181,0.699508608715523,0.601891519321278,0.784074490976763,0.0462577786072396,0.182182971655485
"160804",2016,53,7,"m3",0.676464939894127,0.678616984378889,0.570275587440296,0.770201171544115,0.0507099468075185,0.199925584103819
"160101",2017,1,8,"m3",0.783664342397702,0.785104395868837,0.743324307918304,0.815912600761212,0.0183823541915991,0.0725882928429084
"160102",2017,2,8,"m3",0.689709484471416,0.691354151631707,0.600871138463332,0.769036604194235,0.0426374153394211,0.168165465730903
"160103",2017,3,8,"m3",0.709510632498171,0.710164253446543,0.654242497017703,0.760976039390779,0.0270543441397585,0.106733542373077
"160104",2017,4,8,"m3",0.700228530005282,0.701592161818315,0.633567527452771,0.758985401543402,0.0315988525513587,0.125417874090631
"160105",2017,5,8,"m3",0.68246791042614,0.683411511786539,0.633432447018564,0.726150823971997,0.0235504462987698,0.0927183769534332
"160106",2017,6,8,"m3",0.702078980828892,0.703563517914563,0.626948061097268,0.768609963057877,0.0358317396524028,0.141661901960609
"160107",2017,7,8,"m3",0.67805101471684,0.679755336870128,0.587592977992239,0.758630827416709,0.0433118190022902,0.17103784942447
"160108",2017,8,8,"m3",0.76473783807822,0.766713317406435,0.709720620837334,0.808564722407337,0.0249890656585401,0.0988441015700035
"160110",2017,9,8,"m3",0.695770219519871,0.697462073153101,0.609055514280491,0.772693137708547,0.0414879758873422,0.163637623428057
"160112",2017,10,8,"m3",0.767749995696838,0.767803210852813,0.748545595008579,0.786655075227463,0.00964435641445658,0.0381094802188839
"160113",2017,11,8,"m3",0.739952866218663,0.741562195249996,0.679982958903573,0.790823175411764,0.0279955399324641,0.11084021650819
"160201",2017,12,8,"m3",0.75455743984823,0.754556358892192,0.734217358248163,0.774897022067919,0.010332236741245,0.0406796638197559
"160202",2017,13,8,"m3",0.606961922567965,0.607269374374201,0.56510546125224,0.647104924623972,0.0208670126174516,0.0819994633717317
"160205",2017,14,8,"m3",0.691170752685586,0.691198335395601,0.639032385556223,0.743140551206547,0.0263342031868411,0.104108165650324
"160206",2017,15,8,"m3",0.696636070528119,0.69793756953181,0.632742589540314,0.753076211018229,0.0305652299910781,0.120333621477915
"160210",2017,16,8,"m3",0.68679411817077,0.688502515329093,0.625075511628894,0.738923643079092,0.0289351403611471,0.113848131450198
"160211",2017,17,8,"m3",0.677657993827176,0.678600027299896,0.631473330908948,0.718538197056362,0.022143707455702,0.0870648661474137
"160301",2017,18,8,"m3",0.704410138011148,0.704986557090079,0.663487562713134,0.742052697809014,0.0199706887060112,0.0785651350958791
"160302",2017,19,8,"m3",0.71027602689654,0.71220834550863,0.621233339366495,0.788206440682343,0.0423171530858146,0.166973101315848
"160303",2017,20,8,"m3",0.670888334363653,0.672976291950105,0.567908650362072,0.761805479534812,0.0491880277270599,0.193896829172741
"160304",2017,21,8,"m3",0.658149077892229,0.659877051242245,0.559093847039163,0.747122770861968,0.0476937947642527,0.188028923822805
"160305",2017,22,8,"m3",0.681690624677605,0.68369301773323,0.59120192208135,0.7607026451966,0.0430053265917814,0.169500723115251
"160401",2017,23,8,"m3",0.69881130387689,0.699959542036698,0.628465814495053,0.762505228735067,0.0338635702380177,0.134039414240013
"160402",2017,24,8,"m3",0.70833310231017,0.709413377573195,0.648664549389135,0.761581278113769,0.0284857517691493,0.112916728724633
"160403",2017,25,8,"m3",0.696247512433508,0.698158841108091,0.601012177847128,0.780393102748064,0.0454856863073858,0.179380924900936
"160404",2017,26,8,"m3",0.666512917700188,0.667903215950915,0.607345316163212,0.717772389141444,0.0278676386755645,0.110427072978232
"160501",2017,27,8,"m3",0.693589545365937,0.69621404365622,0.622362511817164,0.750216373821405,0.0324806887977945,0.127853862004242
"160502",2017,28,8,"m3",0.688499552333211,0.690928707549,0.583036526983938,0.77993287886499,0.0499633996972879,0.196896351881052
"160503",2017,29,8,"m3",0.69374453507294,0.695356945543983,0.626211319690307,0.751954791276167,0.0317313735010531,0.12574347158586
"160504",2017,30,8,"m3",0.688807337035143,0.69063732802721,0.607223256647157,0.759889876933307,0.038628218379137,0.15266662028615
"160505",2017,31,8,"m3",0.693541296869717,0.695673512963079,0.610127852464796,0.764764595495857,0.0390979334809258,0.154636743031061
"160506",2017,32,8,"m3",0.701043598725062,0.70287295214368,0.6180876172337,0.77345838855688,0.0392262932817454,0.155370771323179
"160507",2017,33,8,"m3",0.713171468939749,0.714259569867662,0.651047642571118,0.768953535857352,0.0297691607955125,0.117905893286233
"160508",2017,34,8,"m3",0.682285016160415,0.684324164622119,0.580720557979619,0.772025454917521,0.0485185926457448,0.191304896937902
"160509",2017,35,8,"m3",0.69016689473621,0.691713111022456,0.604313830243372,0.767083885904774,0.0412505362539327,0.162770055661401
"160510",2017,36,8,"m3",0.705910659439072,0.706561518434601,0.662699006369893,0.74534483157722,0.0208940865620953,0.0826458252073263
"160511",2017,37,8,"m3",0.678692304467186,0.680840214522242,0.57798506511826,0.766987373200814,0.0479337825834364,0.189002308082553
"160601",2017,38,8,"m3",0.728924159612165,0.73093808216407,0.6486834662031,0.797581597718379,0.037732511248721,0.148898131515279
"160602",2017,39,8,"m3",0.7560731867667,0.756990362816726,0.711715645516512,0.795087788185769,0.0211159783491264,0.0833721426692571
"160603",2017,40,8,"m3",0.701201936552473,0.701698487460893,0.653178566885681,0.746399666757157,0.0237059503057356,0.0932210998714751
"160604",2017,41,8,"m3",0.704955861964651,0.706760186455376,0.616044504850636,0.783450022895497,0.0424646838727965,0.167405518044861
"160605",2017,42,8,"m3",0.703245490080342,0.704060820340923,0.652552865530984,0.749294140613072,0.0246070942836265,0.0967412750820887
"160606",2017,43,8,"m3",0.755604533862564,0.756075467402675,0.720536826382542,0.787958280408884,0.0171387690372077,0.0674214540263416
"160701",2017,44,8,"m3",0.687976490172359,0.688667612628551,0.637526178460314,0.734458182759217,0.0245438649724901,0.0969320042989026
"160702",2017,45,8,"m3",0.649773551144878,0.649617308405576,0.598764175667403,0.701610474495099,0.0260195968851379,0.102846298827697
"160703",2017,46,8,"m3",0.681142254093872,0.681669581182283,0.611167080670827,0.747916990542899,0.0346069736206375,0.136749909872072
"160704",2017,47,8,"m3",0.617711235450765,0.617838807993211,0.548226071863561,0.686313205586777,0.0351372752651692,0.138087133723216
"160705",2017,48,8,"m3",0.64962601048748,0.650929937512292,0.55791381424395,0.733612457453813,0.0444139096083295,0.175698643209864
"160706",2017,49,8,"m3",0.583094493424847,0.583134608724075,0.507028549439588,0.658860077622138,0.0384119238843048,0.151831528182551
"160801",2017,50,8,"m3",0.728467109940364,0.730033862515887,0.646899419687218,0.80099295112092,0.0391817357907506,0.154093531433702
"160802",2017,51,8,"m3",0.681874888448049,0.683804864613369,0.58257194678548,0.769971057932673,0.0475206998100555,0.187399111147193
"160803",2017,52,8,"m3",0.700905938311455,0.702599172237959,0.605383936530695,0.786509344677353,0.0459876453427305,0.181125408146658
"160804",2017,53,8,"m3",0.67963274081685,0.681827415370591,0.573827223521096,0.772748826468876,0.0504561068273862,0.19892160294778
"160101",2018,1,9,"m3",0.791310707792273,0.792760826497137,0.751743039688314,0.822730676352072,0.0179846506131646,0.0709876366637587
"160102",2018,2,9,"m3",0.699343535680921,0.701075845329494,0.61161410652584,0.777059274672648,0.0419508663779765,0.165445168146809
"160103",2018,3,9,"m3",0.71883378248816,0.719535516714715,0.664613884737984,0.768975964082314,0.0264502562697411,0.10436207934433
"160104",2018,4,9,"m3",0.709706115302617,0.711140438280839,0.64382005703378,0.767285756133844,0.0311135656665172,0.123465699100064
"160105",2018,5,9,"m3",0.692280277752169,0.693263234830609,0.64360367607056,0.735379712493444,0.0233161543237465,0.0917760364228845
"160106",2018,6,9,"m3",0.711504980409177,0.71306639013671,0.637192693882041,0.776778417415675,0.0353145079864482,0.139585723533634
"160107",2018,7,9,"m3",0.687891738173171,0.689687862798414,0.598697201467698,0.76667909894835,0.0425366492503264,0.167981897480652
"160108",2018,8,9,"m3",0.772852488243747,0.774842620733788,0.71898693912485,0.815447300015236,0.0243951068029482,0.0964603608903862
"160110",2018,9,9,"m3",0.705313943751604,0.707086699191296,0.620059058877023,0.780312297231591,0.0406245785947001,0.160253238354569
"160112",2018,10,9,"m3",0.775807035542734,0.775890477603193,0.756502511171649,0.794638311808628,0.00964627445240967,0.0381358006369791
"160113",2018,11,9,"m3",0.748634072909266,0.750281897044836,0.689710625350332,0.798238937349704,0.0274211414520278,0.108528311999372
"160201",2018,12,9,"m3",0.762933647214452,0.762961584422782,0.74270712041137,0.782992885922254,0.0102335235944606,0.0402857655108844
"160202",2018,13,9,"m3",0.61781469025756,0.618157795649243,0.576146075818676,0.657566096534413,0.0207244691784219,0.0814200207157371
"160205",2018,14,9,"m3",0.700841929639566,0.70092676162277,0.649853365983115,0.751337998079652,0.0256688643411922,0.101484632096537
"160206",2018,15,9,"m3",0.706195806311779,0.707542630910103,0.643503124375176,0.761175984874092,0.029889118559083,0.117672860498915
"160210",2018,16,9,"m3",0.696530150520111,0.69827893309879,0.635828199954846,0.747419968467478,0.0283656412425574,0.111591768512632
"160211",2018,17,9,"m3",0.687568054647522,0.688539119721147,0.642408630643103,0.727261560099259,0.021584183768082,0.0848529294561559
"160301",2018,18,9,"m3",0.713836488287344,0.714447971610834,0.673333383651253,0.750859622048996,0.0197085784133199,0.0775262383977435
"160302",2018,19,9,"m3",0.71953381413882,0.72154649130853,0.631859820521743,0.795636095122084,0.0415074717690688,0.163776274600341
"160303",2018,20,9,"m3",0.68081792023704,0.683012695813393,0.579078129888622,0.769881919658023,0.0484059213589722,0.190803789769401
"160304",2018,21,9,"m3",0.668281092445341,0.670119898996786,0.570310784186875,0.755537219478442,0.0469840537857065,0.185226435291567
"160305",2018,22,9,"m3",0.691467734040065,0.69355775213303,0.602172491509433,0.768786072581482,0.042273641308369,0.166613581072049
"160401",2018,23,9,"m3",0.708299122123174,0.709533991560673,0.638496772642106,0.770955464711349,0.0334754803331506,0.132458692069243
"160402",2018,24,9,"m3",0.717666032711219,0.718806816735945,0.658750394244756,0.769815388309471,0.0280251943145313,0.111064994064715
"160403",2018,25,9,"m3",0.705756135412062,0.707756141362921,0.611844654238524,0.78807063629783,0.0446886241683383,0.176225982059306
"160404",2018,26,9,"m3",0.676566759624257,0.678011766107819,0.6174176154283,0.727482428509709,0.02779534320777,0.110064813081409
"160501",2018,27,9,"m3",0.703184983991898,0.705849765967342,0.632759915410054,0.758779421452549,0.0320254395923792,0.126019506042495
"160502",2018,28,9,"m3",0.698127663371799,0.700659085520514,0.594018821258781,0.787621770119191,0.0491310804640903,0.193602948860409
"160503",2018,29,9,"m3",0.703344184123032,0.705020017636122,0.636679166108813,0.760323977535986,0.0312054848678788,0.123644811427172
"160504",2018,30,9,"m3",0.698477537186142,0.700384183365568,0.61803941845404,0.767976272004283,0.0379388865330318,0.149936853550244
"160505",2018,31,9,"m3",0.703121240516361,0.705330843392929,0.620779744498005,0.772830886850435,0.0384489862306795,0.152051142352431
"160506",2018,32,9,"m3",0.710490573972019,0.712398723505617,0.628786055947268,0.781202743472386,0.0384810976406079,0.152416687525118
"160507",2018,33,9,"m3",0.722419357708535,0.72356269333898,0.661518702772525,0.776662282527065,0.0290667355406135,0.115143579754539
"160508",2018,34,9,"m3",0.692029391103341,0.694166702586133,0.591799293961074,0.77987377810085,0.0477012804921734,0.188074484139776
"160509",2018,35,9,"m3",0.699805692144316,0.70143260302372,0.615229087696623,0.774983755998035,0.0404865339953144,0.159754668301412
"160510",2018,36,9,"m3",0.715313596321226,0.716007843012797,0.672863000958036,0.753740157230256,0.0204462820901104,0.0808771562722198
"160511",2018,37,9,"m3",0.688501476245281,0.690747220609546,0.589120704153299,0.774909159054159,0.0471203133276506,0.18578845490086
"160601",2018,38,9,"m3",0.737808497419668,0.739884363630403,0.658720185185997,0.804959187531607,0.0370661134892777,0.146239002345609
"160602",2018,39,9,"m3",0.764398290247087,0.765346751354387,0.720768059192332,0.802507945574123,0.0207050982331399,0.0817398863817915
"160603",2018,40,9,"m3",0.710677896368734,0.711221276056187,0.663047876601649,0.755212355031203,0.0234395273105967,0.0921644784295538
"160604",2018,41,9,"m3",0.714310184074876,0.716194304271376,0.626625266496249,0.791121810443305,0.0417303991316128,0.164496543947056
"160605",2018,42,9,"m3",0.712688092389114,0.71353858482134,0.662749124046533,0.757784710772112,0.0241748781801334,0.0950355867255795
"160606",2018,43,9,"m3",0.763952879996117,0.764444346133398,0.729642870727723,0.795431964784619,0.0167245429407044,0.0657890940568956
"160701",2018,44,9,"m3",0.697692752803066,0.698437428672827,0.64769722604371,0.743410642394723,0.0242416113016534,0.0957134163510138
"160702",2018,45,9,"m3",0.660093043145947,0.660015127645268,0.609445057489179,0.711121399907935,0.0257245475351979,0.101676342418757
"160703",2018,46,9,"m3",0.690953037574977,0.691572557928369,0.621792179308821,0.756393667147394,0.0340669628937401,0.134601487838573
"160704",2018,47,9,"m3",0.628420374438553,0.62862565163766,0.559801860429901,0.69571958533331,0.0345847293346154,0.135917724903409
"160705",2018,48,9,"m3",0.659892859914048,0.661313082817246,0.569054843112208,0.742343332807793,0.0438061599793389,0.173288489695584
"160706",2018,49,9,"m3",0.594123887750263,0.59426596103839,0.518592537226464,0.668772324238024,0.0379904796964561,0.15017978701156
"160801",2018,50,9,"m3",0.737360402588608,0.738988817062827,0.657099240409431,0.808229221500873,0.0384311327725889,0.151129981091442
"160802",2018,51,9,"m3",0.691630898857388,0.693654904082042,0.593652481834999,0.777864522027166,0.0467142038368571,0.184212040192167
"160803",2018,52,9,"m3",0.710330894803277,0.712112235637216,0.616281190848067,0.793963016092865,0.0451128576872822,0.177681825244798
"160804",2018,53,9,"m3",0.689409497751008,0.691711493895201,0.584862366688004,0.78065312394508,0.0496654578956734,0.195790757257076
"160101",2019,1,10,"m3",0.799021181353992,0.800455235474412,0.760318123321273,0.829660466902893,0.0175718076216761,0.06934234358162
"160102",2019,2,10,"m3",0.709144193483486,0.710934517774952,0.622722072230634,0.785216770882459,0.04120672711198,0.162494698651825
"160103",2019,3,10,"m3",0.728293163612838,0.729024822395844,0.675023630280452,0.777314104177969,0.0259264778692129,0.102290473897517
"160104",2019,4,10,"m3",0.719340361595596,0.720807015232372,0.6545186730682,0.77566751958861,0.0305337386136093,0.12114884652041
"160105",2019,5,10,"m3",0.70227027247216,0.70327021886058,0.654243454723557,0.744621494779689,0.0229632607794949,0.0903780400561311
"160106",2019,6,10,"m3",0.721087701625611,0.722689980023523,0.647933996203962,0.784966210189746,0.0346734081963999,0.137032213985784
"160107",2019,7,10,"m3",0.697903895229777,0.699765423648316,0.609923415796878,0.775098241312719,0.04183055182745,0.165174825515841
"160108",2019,8,10,"m3",0.781044527210976,0.783023338572571,0.728299206236388,0.822576765008549,0.0238481747376891,0.0942775587721606
"160110",2019,9,10,"m3",0.715004935030649,0.716831733760758,0.631097361284098,0.788343436936815,0.039865079225584,0.157246075652717
"160112",2019,10,10,"m3",0.783947367027773,0.784045391556181,0.764917843045402,0.802419229224616,0.00948738165772013,0.0375013861792133
"160113",2019,11,10,"m3",0.7574202872707,0.759079598940655,0.699577839855381,0.805870954728021,0.0268622578780691,0.10629311487264
"160201",2019,12,10,"m3",0.77140345063282,0.771446030375391,0.751451974052712,0.791103885636623,0.0100735215183496,0.0396519115839108
"160202",2019,13,10,"m3",0.62893690369695,0.629301744375713,0.587588679910723,0.668242837493447,0.0205315682872161,0.0806541575827238
"160205",2019,14,10,"m3",0.710666761178737,0.710795070242544,0.660503672582394,0.760088424799976,0.0251897337769726,0.0995847522175823
"160206",2019,15,10,"m3",0.715904086910249,0.717275925981697,0.654230586550316,0.769720179829285,0.0293365448625645,0.115489593278969
"160210",2019,16,10,"m3",0.706431243036478,0.70818885834397,0.646724947919971,0.756270981903557,0.0278493373638887,0.109546033983586
"160211",2019,17,10,"m3",0.69764915643216,0.698632340234408,0.653110125614294,0.736650963409125,0.0212522504443756,0.083540837794831
"160301",2019,18,10,"m3",0.723412996559493,0.724038751086116,0.683547230053514,0.759716652359935,0.0193653031987668,0.0761694223064207
"160302",2019,19,10,"m3",0.728931179870648,0.730993669642297,0.642753223135811,0.803247884976311,0.0406793594878694,0.1604946618405
"160303",2019,20,10,"m3",0.690933540217184,0.693207237382755,0.59055099685231,0.778182443645376,0.0476048463835623,0.187631446793066
"160304",2019,21,10,"m3",0.678615629480377,0.680536589556894,0.581863221697834,0.76418089437582,0.0462486500174957,0.182317672677986
"160305",2019,22,10,"m3",0.701416882670838,0.703562519280703,0.613408761215147,0.77712510692533,0.0415421437956531,0.163716345710183
"160401",2019,23,10,"m3",0.717951630936488,0.71923140227538,0.649184102346575,0.779313682539663,0.03289194572697,0.130129580193088
"160402",2019,24,10,"m3",0.727143658991456,0.728313855245655,0.669169600328757,0.778183213451315,0.0275114231869542,0.109013613122558
"160403",2019,25,10,"m3",0.715421394949176,0.717482334655555,0.622973480608556,0.795919402826792,0.043861188445792,0.172945922218236
"160404",2019,26,10,"m3",0.686824191966698,0.688295377484817,0.62830497060219,0.736951941252225,0.0274444857206377,0.108646970650035
"160501",2019,27,10,"m3",0.712943995987811,0.715614770016805,0.643561624523439,0.767446955908752,0.0314881959175516,0.123885331385313
"160502",2019,28,10,"m3",0.707922305019402,0.710525786176291,0.605338625249924,0.795472725317212,0.0482556220935421,0.190134100067288
"160503",2019,29,10,"m3",0.713103948696348,0.714808503909106,0.64745432139756,0.768899906001483,0.0306545290906799,0.121445584603924
"160504",2019,30,10,"m3",0.708311684363274,0.710261596017828,0.629114684517145,0.776316579279456,0.0372503286826809,0.147201894762311
"160505",2019,31,10,"m3",0.71286212485861,0.715111810368011,0.631776142294929,0.781079628114611,0.0377591942253052,0.149303485819683
"160506",2019,32,10,"m3",0.720086020811036,0.722039421474524,0.639713444278187,0.789201124419224,0.0377454465762467,0.149487680141037
"160507",2019,33,10,"m3",0.731796583053562,0.732968609164133,0.67199056672224,0.784779630672371,0.0284748567495446,0.112789063950132
"160508",2019,34,10,"m3",0.70194622392373,0.704155327896303,0.603170426586744,0.787920099502337,0.0468621192902886,0.184749672915594
"160509",2019,35,10,"m3",0.709606472201625,0.711286446683669,0.626383380667299,0.783123687183788,0.0397253259712745,0.156740306516489
"160510",2019,36,10,"m3",0.724859316242698,0.725570446074499,0.683129901590864,0.762468373368631,0.0200601376805869,0.0793384717777662
"160511",2019,37,10,"m3",0.698485237323216,0.700801262459856,0.600499930069063,0.783089226629561,0.0463131588153574,0.182589296560498
"160601",2019,38,10,"m3",0.746818966166734,0.748923591970373,0.669174060743038,0.812357440560097,0.036296342504674,0.14318337981706
"160602",2019,39,10,"m3",0.772816556615954,0.773771718704558,0.730095513413026,0.809980072071726,0.0202376127878149,0.0798845586586991
"160603",2019,40,10,"m3",0.720310000906964,0.720879711091596,0.673379593351816,0.763992995743599,0.023046570031181,0.0906134023917828
"160604",2019,41,10,"m3",0.723813884786511,0.725749074071903,0.637560307444053,0.798898358647672,0.0409331924555828,0.161338051203619
"160605",2019,42,10,"m3",0.722279110797473,0.723147629552979,0.673156515480641,0.766456282242851,0.0237349504652797,0.0932997667622097
"160606",2019,43,10,"m3",0.772389088621933,0.772890242536565,0.738756939747455,0.803135370804522,0.0163668993272395,0.0643784310570675
"160701",2019,44,10,"m3",0.707579455821162,0.708351238509595,0.658300320337476,0.75242394291411,0.0238419262162376,0.0941236225766342
"160702",2019,45,10,"m3",0.670628085746346,0.670600197806134,0.620535239324867,0.720815425549942,0.0253725916291774,0.100280186225075
"160703",2019,46,10,"m3",0.700940384322836,0.701618044232685,0.632782150060706,0.765047301901111,0.0334780454235944,0.132265151840405
"160704",2019,47,10,"m3",0.639379925859792,0.639646649902281,0.571473232571111,0.705620749119174,0.0341337519023786,0.134147516548063
"160705",2019,48,10,"m3",0.670373649826889,0.671875899587111,0.580579366778986,0.751309171909164,0.0431627573355149,0.170729805130178
"160706",2019,49,10,"m3",0.605450298100581,0.605671381244795,0.530449442444144,0.679114481352352,0.0376067433210562,0.148665038908208
"160801",2019,50,10,"m3",0.746379512876857,0.748044805689249,0.667667155142771,0.815488043468944,0.0375923428674108,0.147820888326173
"160802",2019,51,10,"m3",0.701558298825134,0.703652054241723,0.60498006058911,0.785987423812163,0.0459056532374902,0.181007363223053
"160803",2019,52,10,"m3",0.719904689168833,0.721750702734282,0.627402849777936,0.80161875039773,0.0442360819419541,0.174215900619795
"160804",2019,53,10,"m3",0.699364648086677,0.701745244854735,0.596271309854053,0.788697837749499,0.0488165097699718,0.192426527895446
"160101",2020,1,11,"m3",0.80454786288788,0.805925884812728,0.766506749798458,0.83481049744982,0.0173054511429893,0.0683037476513613
"160102",2020,2,11,"m3",0.716220135698343,0.718019019054479,0.630775769170153,0.791258846087357,0.0407024501431016,0.160483076917204
"160103",2020,3,11,"m3",0.73510725995428,0.735828466880573,0.682363926533926,0.783659217288641,0.0256810811029657,0.101295290754715
"160104",2020,4,11,"m3",0.726290616534697,0.727724314727899,0.662312248358602,0.781944659191114,0.0301580483003305,0.119632410832512
"160105",2020,5,11,"m3",0.709487804820722,0.71046114834061,0.66190614632913,0.751536390859392,0.0227744235287114,0.0896302445302624
"160106",2020,6,11,"m3",0.727999201348345,0.729586695837559,0.655729411166548,0.791068661203893,0.0342513369476315,0.135339250037345
"160107",2020,7,11,"m3",0.705140117874686,0.707003198346382,0.618122329347216,0.781352765911656,0.0413440243938474,0.16323043656444
"160108",2020,8,11,"m3",0.786922686319106,0.788844484514317,0.734991173041292,0.827930143066052,0.0235082985359134,0.0929389700247595
"160110",2020,9,11,"m3",0.721998667752873,0.723822877220219,0.639129453317438,0.794305121423795,0.039345688345129,0.155175668106357
"160112",2020,10,11,"m3",0.789785312706595,0.789877769473385,0.77064463077482,0.808398865919644,0.00956180403102653,0.0377542351448235
"160113",2020,11,11,"m3",0.763733492933454,0.765356797379603,0.706574881752304,0.811676434777801,0.0265636951145807,0.105101553025497
"160201",2020,12,11,"m3",0.777482652318101,0.777530655403701,0.757286626434859,0.797398415518126,0.0101959927869673,0.0401117890832673
"160202",2020,13,11,"m3",0.637026991254082,0.637380442747555,0.596181009256619,0.675889923990246,0.02029267437706,0.0797089147336272
"160205",2020,14,11,"m3",0.717756185828792,0.717883757186721,0.668037165854843,0.766730752423739,0.0249713142846272,0.098693586568896
"160206",2020,15,11,"m3",0.722910787112239,0.724264473793426,0.66200844840766,0.776053153510951,0.0289709813945242,0.11404470510329
"160210",2020,16,11,"m3",0.713585075592194,0.715303606099624,0.654704572659726,0.762796559460867,0.0274779612953724,0.108091986801141
"160211",2020,17,11,"m3",0.704933879791116,0.705892307464864,0.660707963203861,0.74375001574975,0.0211238111426003,0.083042052545889
"160301",2020,18,11,"m3",0.730316286521493,0.730926279647965,0.690705033452795,0.766451474515186,0.0192605651810146,0.0757464410623905
"160302",2020,19,11,"m3",0.73571356018869,0.737764816108635,0.650870088099048,0.808745114178758,0.040018865807021,0.15787502607971
"160303",2020,20,11,"m3",0.698245992384117,0.700543044735311,0.598840514067081,0.784374730494056,0.04707910537032,0.185534216426975
"160304",2020,21,11,"m3",0.686093229462713,0.688037410372652,0.590190623786439,0.770666864185152,0.0457889671610307,0.180476240398713
"160305",2020,22,11,"m3",0.708608238704084,0.710750746829791,0.621664669736068,0.783256130963594,0.0410055929298595,0.161591461227526
"160401",2020,23,11,"m3",0.724917090765393,0.72618259014132,0.656989962280872,0.785509889381935,0.032490603016664,0.128519927101063
"160402",2020,24,11,"m3",0.733975904927224,0.735118438111856,0.676725411062972,0.784451854504571,0.0271953995150952,0.107726443441599
"160403",2020,25,11,"m3",0.722397238266079,0.724470924626728,0.631068886555862,0.801695125403678,0.0432788345019187,0.170626238847816
"160404",2020,26,11,"m3",0.694247215325978,0.695681283370137,0.636329543121742,0.743965157613917,0.0271899816797648,0.107635614492175
"160501",2020,27,11,"m3",0.71999435086326,0.722616143346371,0.651573965497011,0.773773270952637,0.0310519464609179,0.122199305455625
"160502",2020,28,11,"m3",0.714996854837115,0.717616771854587,0.613609897135762,0.801243228850406,0.0476261769228726,0.187633331714644
"160503",2020,29,11,"m3",0.720149574355532,0.721818772880425,0.655333271579629,0.775296978845297,0.0302841978873375,0.119963707265668
"160504",2020,30,11,"m3",0.715411538113838,0.717343796164496,0.637146751882931,0.782566759416315,0.036802941708885,0.145420007533384
"160505",2020,31,11,"m3",0.719895567614874,0.722119075504335,0.639859637249511,0.787187563273188,0.0372616792940208,0.147327926023677
"160506",2020,32,11,"m3",0.727009933482251,0.728942394732579,0.647735832912003,0.795125052790178,0.0372192578982953,0.147389219878176
"160507",2020,33,11,"m3",0.73855513929251,0.739700014609237,0.679613435899052,0.790819396681658,0.0280815634061466,0.111205960782606
"160508",2020,34,11,"m3",0.709110286404916,0.711343351841828,0.611407462650518,0.793864518503149,0.046286551121539,0.182457055852631
"160509",2020,35,11,"m3",0.716678910175305,0.718363016757487,0.634383117493504,0.789236578500128,0.0392527077325788,0.154853461006623
"160510",2020,36,11,"m3",0.731747615034606,0.732423131083072,0.690750728000849,0.768822986290232,0.0197474402504001,0.0780722582893827
"160511",2020,37,11,"m3",0.705700298766866,0.708031892982092,0.608776679961211,0.789142329437433,0.0457544695276192,0.180365649476222
"160601",2020,38,11,"m3",0.753307600735616,0.755392322086472,0.676832033487521,0.817778123766828,0.035732265443879,0.140946090279306
"160602",2020,39,11,"m3",0.77886795711684,0.779785908892432,0.736999795503045,0.815393155170759,0.0198655939368096,0.078393359667714
"160603",2020,40,11,"m3",0.72725681203746,0.727825196512768,0.680722090561258,0.770551727278269,0.0228494999288541,0.0898296367170107
"160604",2020,41,11,"m3",0.7306700589058,0.732609309782232,0.645546923656511,0.804592231167163,0.0403556305466264,0.159045307510653
"160605",2020,42,11,"m3",0.729198880165033,0.730051401893529,0.680715505586444,0.772823289334039,0.0234338172209851,0.0921077837475955
"160606",2020,43,11,"m3",0.778445435957586,0.778933619858647,0.745137276351539,0.808942650751635,0.0162246037102956,0.0638053744000957
"160701",2020,44,11,"m3",0.714713278520645,0.715469857562178,0.665705346287621,0.759370049552346,0.0237326156491581,0.0936647032647248
"160702",2020,45,11,"m3",0.678252300812558,0.67823415942713,0.628170310163706,0.72837087086314,0.0253633339042066,0.100200560699434
"160703",2020,46,11,"m3",0.708152112363912,0.708836213062955,0.640620093760264,0.771594800102757,0.0331613996470888,0.130974706342493
"160704",2020,47,11,"m3",0.647338590083861,0.647619948741028,0.579863378552725,0.713058735645816,0.033895048302442,0.133195357093091
"160705",2020,48,11,"m3",0.677963365043262,0.679477024311635,0.588933332024254,0.758054249243672,0.0427647648162284,0.169120917219418
"160706",2020,49,11,"m3",0.613701024813965,0.613923211968728,0.539167331393867,0.686876923172114,0.0373686730863052,0.147709591778247
"160801",2020,50,11,"m3",0.752885529561542,0.754543639848926,0.675613383649673,0.820592100381156,0.0368724431247594,0.144978716731483
"160802",2020,51,11,"m3",0.708732406613732,0.710849790673859,0.613230915578362,0.791941426579074,0.0453292567545577,0.178710511000712
"160803",2020,52,11,"m3",0.726812470470171,0.728681006787741,0.635480773970068,0.807223041584885,0.0436143197918519,0.171742267614817
"160804",2020,53,11,"m3",0.706559419969747,0.708968783767928,0.604572808875824,0.794609603667686,0.0482163006097884,0.190036794791862
